,videoId,title,description,publishedAt,commentCount,dislikeCount,favoriteCount,likeCount,viewCount
0,fOflUIQbgvU,『同窓会でめっちゃ老けてる奴』ジャルジャルのネタのタネ【JARUJARUTOWER】,このチャンネルはジャルジャルの公式チャンネルです！ 日々の活動をドンドンUPしていきます！！ ジャルジャルがネタ帳に書き留めたネタになる...,2020-06-14T09:00:21Z,644,16,0,1716,30686
1,UGtCzcr1u4k,コメント読む奴〜2020年5月編〜,このチャンネルはジャルジャルの公式チャンネルです！ コメントを読む奴は今後、毎月発表して行きます！ 更新は撮影の関係で固定の曜日ではあ...,2020-06-13T09:00:08Z,454,14,0,983,33123
2,7nfj2_RcYRU,『ゲストの内(うち)って奴』ジャルジャルのネタのタネ【JARUJARUTOWER】,このチャンネルはジャルジャルの公式チャンネルです！ 日々の活動をドンドンUPしていきます！！ ジャルジャルがネタ帳に書き留めたネタになる...,2020-06-13T09:00:02Z,482,27,0,1166,45144
3,iguWxnleHCM,『リモート授業に慣れてないから友達連れてくる先生な奴』,特別出演：ネタサロン「ジャルジャルに興味ある奴」会員 https://www.jarujaru-kyomi.com/ 動画をご覧の皆様へ ※当たり前ですが、このコントはフィクシ...,2020-06-12T11:00:23Z,472,27,0,1674,104130
4,OB-Iu8SAtbQ,『おっさんと若者の反応の違いを感じる奴』ジャルジャルのネタのタネ【JARUJARUTOWER】,このチャンネルはジャルジャルの公式チャンネルです！ 日々の活動をドンドンUPしていきます！！ ジャルジャルがネタ帳に書き留めたネタになる...,2020-06-12T09:00:10Z,386,18,0,1372,54074
5,1m31Q2zZ3fA,『新居で屁をこかれて泣く奴』ジャルジャルのネタのタネ【JARUJARUTOWER】,このチャンネルはジャルジャルの公式チャンネルです！ 日々の活動をドンドンUPしていきます！！ ジャルジャルがネタ帳に書き留めたネタになる...,2020-06-11T09:00:00Z,1105,59,0,3180,150896
6,RCqtqqHykkk,『仕事中めっちゃ眠い奴』ジャルジャルのネタのタネ【JARUJARUTOWER】,このチャンネルはジャルジャルの公式チャンネルです！ 日々の活動をドンドンUPしていきます！！ ジャルジャルがネタ帳に書き留めたネタになる...,2020-06-10T09:00:20Z,711,27,0,1994,82829
7,-_mBJxHdWYY,『髪染めた南って奴』ジャルジャルのネタのタネ【JARUJARUTOWER】,このチャンネルはジャルジャルの公式チャンネルです！ 日々の活動をドンドンUPしていきます！！ ジャルジャルがネタ帳に書き留めたネタになる...,2020-06-09T09:00:00Z,1241,140,0,4133,161742
8,UQvhupSZWWY,『シュールなネタしそうな奴  パート２』ジャルジャルのネタのタネ【JARUJARUTOWER】,このチャンネルはジャルジャルの公式チャンネルです！ 日々の活動をドンドンUPしていきます！！ 『シュールなネタしそうな奴 パート１』はこ...,2020-06-08T09:00:11Z,1288,43,0,2542,84434
9,T-SrsBagVok,『チャラ男番長のネタを見る奴 パート46』ジャルジャルのネタのタネ【JARUJARUTOWER】,このチャンネルはジャルジャルの公式チャンネルです！ 日々の活動をドンドンUPしていきます！！ ジャルジャルがネタ帳に書き留めたネタになる...,2020-06-07T09:00:10Z,1196,4843,0,816,59386
10,cRZxbprmv4c,『チャラ男番長のネタを見る奴 パート45』ジャルジャルのネタのタネ【JARUJARUTOWER】,このチャンネルはジャルジャルの公式チャンネルです！ 日々の活動をドンドンUPしていきます！！ ジャルジャルがネタ帳に書き留めたネタになる...,2020-06-06T09:00:26Z,1693,7697,0,1227,76805
11,361DWK9PH0k,『部活紹介でウケ狙って大失敗する水泳部な奴』,特別出演：ネタサロン「ジャルジャルに興味ある奴」会員 https://www.jarujaru-kyomi.com 【元ネタ】 「水泳部部活紹介1995」https://youtu.be/_diftCy3Uho 「水泳...,2020-06-05T09:57:46Z,1673,118,0,4218,179657
12,qFz5Q7cB4BQ,『打ちきりが決まってるドラマの現場の暗さを感じる奴』ジャルジャルのネタのタネ【JARUJARUTOWER】,このチャンネルはジャルジャルの公式チャンネルです！ 日々の活動をドンドンUPしていきます！！ ジャルジャルがネタ帳に書き留めたネタになる...,2020-06-05T09:00:29Z,731,51,0,2118,121317
13,0ZaSw-ER-AM,『帰宅まで実況する奴』ジャルジャルのネタのタネ【JARUJARUTOWER】,このチャンネルはジャルジャルの公式チャンネルです！ 日々の活動をドンドンUPしていきます！！ ジャルジャルがネタ帳に書き留めたネタになる...,2020-06-04T09:00:01Z,935,50,0,2359,110545
14,C3dnrrMTxJY,『もうちょい試行錯誤が必要なネタする奴』ジャルジャルのネタのタネ【JARUJARUTOWER】,このチャンネルはジャルジャルの公式チャンネルです！ 日々の活動をドンドンUPしていきます！！ ジャルジャルがネタ帳に書き留めたネタになる...,2020-06-03T09:00:06Z,1196,52,0,2530,85178
15,qTMNY-_R4fA,『がんばって歌ってる感じが見てられへん奴』ジャルジャルのネタのタネ【JARUJARUTOWER】,このチャンネルはジャルジャルの公式チャンネルです！ 日々の活動をドンドンUPしていきます！！ ジャルジャルがネタ帳に書き留めたネタになる...,2020-06-02T09:00:21Z,688,41,0,2114,101014
16,vEQpRSitYXE,『社長にツッコめるから副社長なった奴』ジャルジャルのネタのタネ【JARUJARUTOWER】,このチャンネルはジャルジャルの公式チャンネルです！ 日々の活動をドンドンUPしていきます！！ ジャルジャルがネタ帳に書き留めたネタになる...,2020-06-01T09:00:31Z,826,66,0,3626,210703
17,DIo5CF2E6Nc,『一年ぶりに会社来た奴』ジャルジャルのネタのタネ【JARUJARUTOWER】,このチャンネルはジャルジャルの公式チャンネルです！ 日々の活動をドンドンUPしていきます！！ ジャルジャルがネタ帳に書き留めたネタになる...,2020-05-31T09:00:06Z,861,99,0,4449,304815
18,InZpgF3JXpQ,『急遽、社長に挨拶することなった平社員な奴』ジャルジャルのネタのタネ【JARUJARUTOWER】,このチャンネルはジャルジャルの公式チャンネルです！ 日々の活動をドンドンUPしていきます！！ ジャルジャルがネタ帳に書き留めたネタになる...,2020-05-30T09:00:07Z,580,54,0,2169,107749
19,re3sT74PMPE,『男なのに女子バレー部のリモートミーティングに呼ばれた奴』,特別出演：ネタサロン「ジャルジャルに興味ある奴」会員 動画をご覧の皆様へ ※当たり前ですが、このコントはフィクションです！ ※本コント...,2020-05-29T09:56:56Z,1948,357,0,8250,625102
20,wVVPejw-DUI,『お笑いのセンス無さすぎる奴』ジャルジャルのネタのタネ【JARUJARUTOWER】,このチャンネルはジャルジャルの公式チャンネルです！ 日々の活動をドンドンUPしていきます！！ ジャルジャルがネタ帳に書き留めたネタになる...,2020-05-29T09:00:34Z,1121,69,0,2857,133830
21,bbicfHgiMF8,『客に合わせて販売スタイル変える奴』ジャルジャルのネタのタネ【JARUJARUTOWER】,このチャンネルはジャルジャルの公式チャンネルです！ 日々の活動をドンドンUPしていきます！！ ジャルジャルがネタ帳に書き留めたネタになる...,2020-05-28T09:00:17Z,620,40,0,2414,110846
22,U4tkeanREd0,『最後に不必要な語りを入れる奴』ジャルジャルのネタのタネ【JARUJARUTOWER】,このチャンネルはジャルジャルの公式チャンネルです！ 日々の活動をドンドンUPしていきます！！ ジャルジャルがネタ帳に書き留めたネタになる...,2020-05-27T09:00:14Z,1073,51,0,2725,126679
23,YV111jop7VY,『社会人一年目のストレスを解消するために喋りまくる奴と吠える奴』ジャルジャルのネタのタネ【JARUJARUTOWER】,このチャンネルはジャルジャルの公式チャンネルです！ 日々の活動をドンドンUPしていきます！！ ジャルジャルがネタ帳に書き留めたネタになる...,2020-05-26T09:00:13Z,969,40,0,2888,90748
24,4vglwOIAa2A,『オリジナル曲か既存の曲か、どっちかわからん歌を聴かせる奴』ジャルジャルのネタのタネ【JARUJARUTOWER】,このチャンネルはジャルジャルの公式チャンネルです！ 日々の活動をドンドンUPしていきます！！ ジャルジャルがネタ帳に書き留めたネタになる...,2020-05-25T09:00:02Z,833,41,0,2106,98111
25,iwPr6KRhTpo,『客に「ちゃうんかいな」って言う店員な奴』ジャルジャルのネタのタネ【JARUJARUTOWER】,このチャンネルはジャルジャルの公式チャンネルです！ 日々の活動をドンドンUPしていきます！！ ジャルジャルがネタ帳に書き留めたネタになる...,2020-05-24T09:00:14Z,798,37,0,2199,100968
26,A6bQAu9MO3Y,『心情の説明下手な奴』ジャルジャルのネタのタネ【JARUJARUTOWER】,このチャンネルはジャルジャルの公式チャンネルです！ 日々の活動をドンドンUPしていきます！！ ジャルジャルがネタ帳に書き留めたネタになる...,2020-05-23T09:00:06Z,821,37,0,1928,88579
27,k6hUrckygnk,『間違えて、違う会社のリモート会議に何回も入ってくる奴』,今回もネタサロン「ジャルジャルに興味ある奴」の会員がエキストラ出演しています！ このチャンネルはジャルジャルの公式チャンネルです！...,2020-05-22T09:49:24Z,3931,828,0,29135,1886114
28,7AHjN2rPquw,『なでこしＪＡＰＡＮな奴』ジャルジャルのネタのタネ【JARUJARUTOWER】,このチャンネルはジャルジャルの公式チャンネルです！ 日々の活動をドンドンUPしていきます！！ ジャルジャルがネタ帳に書き留めたネタになる...,2020-05-22T09:00:04Z,694,14,0,1740,72202
29,qX06z6P_VgA,『〈僕らの屁こき部屋〉がある奴』ジャルジャルのネタのタネ【JARUJARUTOWER】,このチャンネルはジャルジャルの公式チャンネルです！ 日々の活動をドンドンUPしていきます！！ ジャルジャルがネタ帳に書き留めたネタになる...,2020-05-21T09:00:16Z,1072,45,0,2102,75963
30,jl1zR36h1iY,『日本語の会話に、フィリピン語でガンガン入ってくる留学生な奴』ジャルジャルのネタのタネ【JARUJARUTOWER】,このチャンネルはジャルジャルの公式チャンネルです！ 日々の活動をドンドンUPしていきます！！ ジャルジャルがネタ帳に書き留めたネタになる...,2020-05-20T09:00:15Z,1325,60,0,4511,207358
31,ShPgW9S_ck4,『卒業式で感動スピーチする奴』ジャルジャルのネタのタネ【JARUJARUTOWER】,このチャンネルはジャルジャルの公式チャンネルです！ 日々の活動をドンドンUPしていきます！！ ジャルジャルがネタ帳に書き留めたネタになる...,2020-05-19T09:00:17Z,1169,39,0,2728,113897
32,f_x5W2HiVKw,『変な高３にからまれた高１な奴』ジャルジャルのネタのタネ【JARUJARUTOWER】,このチャンネルはジャルジャルの公式チャンネルです！ 日々の活動をドンドンUPしていきます！！ ジャルジャルがネタ帳に書き留めたネタになる...,2020-05-18T09:00:28Z,1260,104,0,4650,269021
33,Uh39XICTFAM,『実際に彼氏できて解散した女漫才師な奴』ジャルジャルのネタのタネ【JARUJARUTOWER】,このチャンネルはジャルジャルの公式チャンネルです！ 日々の活動をドンドンUPしていきます！！ ジャルジャルがネタ帳に書き留めたネタになる...,2020-05-17T09:00:13Z,1620,86,0,4492,226995
34,_FCcF-NphWo,『ウルフルズに会わされるウルフルズに影響されてる奴』,トータス松本さん、本当にありがとうございました！ スペシャルゲスト：トータス松本 【Official WebSite】 https://www.tortoisematsumoto.com/ 【Instagram】...,2020-05-16T09:26:03Z,1229,120,0,13741,502114
35,9DXM0Qq7fuc,『どっちかに彼氏できたことがきっかけで、解散しそうな女漫才師な奴』ジャルジャルのネタのタネ【JARUJARUTOWER】,このチャンネルはジャルジャルの公式チャンネルです！ 日々の活動をドンドンUPしていきます！！ ジャルジャルがネタ帳に書き留めたネタになる...,2020-05-16T09:00:06Z,1035,64,0,3303,153307
36,THK-Q89rrAw,『角刈りのくせにリモートでもクラスのメインになろうとする奴』,クラスメイト役としてネタサロン「ジャルジャルに興味ある奴」の会員が出演しています！ このチャンネルはジャルジャルの公式チャンネルで...,2020-05-15T09:58:51Z,3136,344,0,10337,847283
37,T3tS_ZZeJ4E,『高校生のくせに子供っぽい歌を作る奴』ジャルジャルのネタのタネ【JARUJARUTOWER】,このチャンネルはジャルジャルの公式チャンネルです！ 日々の活動をドンドンUPしていきます！！ ジャルジャルがネタ帳に書き留めたネタになる...,2020-05-15T09:00:14Z,1171,42,0,2671,117541
38,ZJQDHhFIq80,コメント読む奴〜2020年4月編〜,このチャンネルはジャルジャルの公式チャンネルです！ コメントを読む奴は今後、毎月発表して行きます！ 更新は撮影の関係で固定の曜日ではあ...,2020-05-14T09:00:12Z,608,14,0,1621,62697
39,iHI8HUIx0Ms,『知らん落語家やから質問が思い付かん奴』ジャルジャルのネタのタネ【JARUJARUTOWER】,このチャンネルはジャルジャルの公式チャンネルです！ 日々の活動をドンドンUPしていきます！！ ジャルジャルがネタ帳に書き留めたネタになる...,2020-05-14T09:00:31Z,635,27,0,1543,78664
40,JU46h04F2AE,『高校の上下関係が一生続く奴』ジャルジャルのネタのタネ【JARUJARUTOWER】,このチャンネルはジャルジャルの公式チャンネルです！ 日々の活動をドンドンUPしていきます！！ ジャルジャルがネタ帳に書き留めたネタになる...,2020-05-13T09:00:11Z,963,69,0,2706,175420
41,6ymyJRt5Ytc,『自分のダンス教室を外国人に乗っ取られる奴』ジャルジャルのネタのタネ【JARUJARUTOWER】,このチャンネルはジャルジャルの公式チャンネルです！ 日々の活動をドンドンUPしていきます！！ ジャルジャルがネタ帳に書き留めたネタになる...,2020-05-12T09:00:03Z,971,49,0,3301,136589
42,sD-A5yijlfs,『平地で隠れんぼする奴』ジャルジャルのネタのタネ【JARUJARUTOWER】,このチャンネルはジャルジャルの公式チャンネルです！ 日々の活動をドンドンUPしていきます！！ ジャルジャルがネタ帳に書き留めたネタになる...,2020-05-11T09:00:21Z,1690,76,0,6455,157557
43,OHxCQEdlgJg,『軟膏の新薬プレゼンする奴』ジャルジャルのネタのタネ【JARUJARUTOWER】,このチャンネルはジャルジャルの公式チャンネルです！ 日々の活動をドンドンUPしていきます！！ ジャルジャルがネタ帳に書き留めたネタになる...,2020-05-10T09:00:19Z,685,27,0,2186,83670
44,ml0xWuefDKs,『沈黙なったらすぐ口ずさむ奴』ジャルジャルのネタのタネ【JARUJARUTOWER】,このチャンネルはジャルジャルの公式チャンネルです！ 日々の活動をドンドンUPしていきます！！ ジャルジャルがネタ帳に書き留めたネタになる...,2020-05-09T09:00:30Z,597,26,0,2206,99317
45,6_FvAmx5t0c,『ウルフルズに影響されてる奴〜リモートオーディション〜』,ゲスト出演 クロスバー直撃 渡邊 https://twitter.com/nabe2000 アイロンヘッド辻井 https://twitter.com/aironhed_tsujii このチャンネルはジャルジャルの公式チ...,2020-05-08T10:01:13Z,918,127,0,5306,405227
46,a0H3loPCkfg,『学校にスマホ持ってきてるのバレる南っていう奴』ジャルジャルのネタのタネ【JARUJARUTOWER】,このチャンネルはジャルジャルの公式チャンネルです！ 日々の活動をドンドンUPしていきます！！ ジャルジャルがネタ帳に書き留めたネタになる...,2020-05-08T09:00:00Z,1536,93,0,5338,254699
47,rKMSJ3qN93E,『空き巣するのにタンバリン持ってきた奴』ジャルジャルのネタのタネ【JARUJARUTOWER】,このチャンネルはジャルジャルの公式チャンネルです！ 日々の活動をドンドンUPしていきます！！ ジャルジャルがネタ帳に書き留めたネタになる...,2020-05-05T09:00:32Z,2062,229,0,9964,362223
48,0WiRgxYgowQ,『〈ルーシー・モンキー・ジュニア〉というハリウッドスターを〈ルーシー・お猿さんの子供〉と訳す通訳な奴』ジャルジャルのネタのタネ【JARUJARUTOWER】,このチャンネルはジャルジャルの公式チャンネルです！ 日々の活動をドンドンUPしていきます！！ ジャルジャルがネタ帳に書き留めたネタになる...,2020-05-04T09:00:00Z,1206,54,0,3190,136090
49,kqUpfeWgWmQ,『判定わかりづらい審判な奴』ジャルジャルのネタのタネ【JARUJARUTOWER】,このチャンネルはジャルジャルの公式チャンネルです！ 日々の活動をドンドンUPしていきます！！ ジャルジャルがネタ帳に書き留めたネタになる...,2020-05-03T09:00:33Z,944,85,0,2910,209748
50,Hm0eFTcVEPs,『リモート面接でめっちゃふざける奴』,このチャンネルはジャルジャルの公式チャンネルです！ 日々の活動をドンドンUPしていきます！！ ジャルジャルがネタ帳に書き留めたネタになる...,2020-05-01T10:05:19Z,4800,1622,0,47402,2961696
51,_JjfyIUlPSo,『目上の人に「知りまへん」って言っちゃった奴』ジャルジャルのネタのタネ【JARUJARUTOWER】,このチャンネルはジャルジャルの公式チャンネルです！ 日々の活動をドンドンUPしていきます！！ ジャルジャルがネタ帳に書き留めたネタになる...,2020-05-01T09:00:16Z,423,35,0,2181,137102
52,UFtCMfWSLHU,『オーディション落ちた瞬間、帰る奴』ジャルジャルのネタのタネ【JARUJARUTOWER】,このチャンネルはジャルジャルの公式チャンネルです！ 日々の活動をドンドンUPしていきます！！ ジャルジャルがネタ帳に書き留めたネタになる...,2020-04-30T09:00:29Z,682,57,0,3726,191547
53,XeB-YmxtTlo,ジャルジャルのドキュメント『愛の言葉ツッコミの会に密着する奴』,4月26日・27日・28日の公開した「ドキュメンタリーを見る前に見て欲しい本気ネタ」に登場したコントキャラクターに密着したドキュメンタリー映...,2020-04-29T11:00:14Z,2982,87,0,8964,276140
54,H9pb8Ls5MP8,『普通の転校生と思ったら、ものすごいヤンキーやった奴』ジャルジャルのネタのタネ【JARUJARUTOWER】,このチャンネルはジャルジャルの公式チャンネルです！ 日々の活動をドンドンUPしていきます！！ ジャルジャルがネタ帳に書き留めたネタになる...,2020-04-29T09:00:10Z,3221,1161,0,36682,2800090
55,4LGaEkPFKfY,『ドキュメンタリーを見る前に見て欲しい本気ネタ 3/3』,4月29日（水）にジャルジャルのコントキャラに密着したドキュメンタリー映像作品第2弾を配信します。それに伴い4月26日・27日・28日の20時に1本ず...,2020-04-28T11:00:02Z,352,14,0,1678,74967
56,0Is-86YHnVQ,『「お前が行くんやったら行くで」って言う奴』ジャルジャルのネタのタネ【JARUJARUTOWER】,このチャンネルはジャルジャルの公式チャンネルです！ 日々の活動をドンドンUPしていきます！！ ジャルジャルがネタ帳に書き留めたネタになる...,2020-04-28T09:00:02Z,927,54,0,2994,175846
57,c-RUXvSwMEk,『ドキュメンタリーを見る前に見て欲しい本気ネタ 2/3』,4月29日（水）にジャルジャルのコントキャラに密着したドキュメンタリー映像作品第2弾を配信します。それに伴い4月26日・27日・28日の20時に1本ず...,2020-04-27T11:00:20Z,289,16,0,1743,71233
58,olCWKR5MPQE,『バイトの面接で何故かマイク持ってる奴』ジャルジャルのネタのタネ【JARUJARUTOWER】,このチャンネルはジャルジャルの公式チャンネルです！ 日々の活動をドンドンUPしていきます！！ ジャルジャルがネタ帳に書き留めたネタになる...,2020-04-27T09:00:23Z,1021,71,0,4134,250216
59,-TFxWig2XdU,『ドキュメンタリーを見る前に見て欲しい本気ネタ1/3』,4月29日（水）にジャルジャルのコントキャラに密着したドキュメンタリー映像作品第2弾を配信します。それに伴い4月26日・27日・28日の20時に1本ず...,2020-04-26T11:00:00Z,425,24,0,2207,94954
60,zPd81iS1Qcs,『「ヤバい」ばっかり言って対処しない奴』ジャルジャルのネタのタネ【JARUJARUTOWER】,このチャンネルはジャルジャルの公式チャンネルです！ 日々の活動をドンドンUPしていきます！！ ジャルジャルがネタ帳に書き留めたネタになる...,2020-04-26T09:00:28Z,1342,54,0,3682,187774
61,9UW5pZP32D0,約８時間のライブ映像を実況しながら全部見る奴,このチャンネルはジャルジャルの公式チャンネルです！ 日々の活動をドンドンUPしていきます！！ ジャルジャルがネタ帳に書き留めたネタになる...,2020-04-25T10:30:42Z,650,76,0,5089,373149
62,Jg1JqFiNRo8,『恋バナしてる奴』ジャルジャルのネタのタネ【JARUJARUTOWER】,このチャンネルはジャルジャルの公式チャンネルです！ 日々の活動をドンドンUPしていきます！！ ジャルジャルがネタ帳に書き留めたネタになる...,2020-04-25T09:00:10Z,700,36,0,2053,117534
63,lYj-w-k3keg,『ハズレの先生にリモート授業される奴』,今回は、ネタサロン「ジャルジャルに興味ある奴」の会員がエキストラとして出演しています！ このチャンネルはジャルジャルの公式チャンネ...,2020-04-24T10:07:29Z,4115,625,0,26603,1776780
64,NZrroZrPnwA,『有名人おちょくる大学生な奴』ジャルジャルのネタのタネ【JARUJARUTOWER】,このチャンネルはジャルジャルの公式チャンネルです！ 日々の活動をドンドンUPしていきます！！ ジャルジャルがネタ帳に書き留めたネタになる...,2020-04-24T09:00:13Z,618,37,0,2179,109162
65,D9sWQ-mtduc,『なにわ新条例を発令した独裁者な奴』ジャルジャルのネタのタネ【JARUJARUTOWER】,このチャンネルはジャルジャルの公式チャンネルです！ 日々の活動をドンドンUPしていきます！！ ジャルジャルがネタ帳に書き留めたネタになる...,2020-04-23T09:00:15Z,1345,81,0,3434,156550
66,d06zYLhKVzE,『叫び声に芯がない奴』ジャルジャルのネタのタネ【JARUJARUTOWER】,このチャンネルはジャルジャルの公式チャンネルです！ 日々の活動をドンドンUPしていきます！！ ジャルジャルがネタ帳に書き留めたネタになる...,2020-04-21T09:00:30Z,773,46,0,3900,149645
67,2algVFICN-I,コメント読む奴〜2020年3月編〜,このチャンネルはジャルジャルの公式チャンネルです！ コメントを読む奴は今後、毎月発表して行きます！ 更新は撮影の関係で固定の曜日ではあ...,2020-04-20T09:00:00Z,386,15,0,1480,62072
68,hOHaW03T9eQ,『同じグラウンドで練習する野球部とモデル部な奴』ジャルジャルのネタのタネ【JARUJARUTOWER】,このチャンネルはジャルジャルの公式チャンネルです！ 日々の活動をドンドンUPしていきます！！ ジャルジャルがネタ帳に書き留めたネタになる...,2020-04-20T09:00:21Z,764,35,0,3255,127343
69,xpZduVJnGlc,『職業欄に、表現者って書く奴』ジャルジャルのネタのタネ【JARUJARUTOWER】,このチャンネルはジャルジャルの公式チャンネルです！ 日々の活動をドンドンUPしていきます！！ ジャルジャルがネタ帳に書き留めたネタになる...,2020-04-19T09:00:27Z,889,47,0,2377,101673
70,sLtB6GeXhNI,『熱い言葉に弱い町工場の社長な奴』ジャルジャルのネタのタネ【JARUJARUTOWER】,このチャンネルはジャルジャルの公式チャンネルです！ 日々の活動をドンドンUPしていきます！！ ジャルジャルがネタ帳に書き留めたネタになる...,2020-04-18T09:00:32Z,484,38,0,1705,96050
71,oV-wrHH8MeA,『リモートで宿題を教えてもらう南っていう奴』,このチャンネルはジャルジャルの公式チャンネルです！ 日々の活動をドンドンUPしていきます！！ ジャルジャルがネタ帳に書き留めたネタになる...,2020-04-17T09:54:56Z,841,71,0,6008,280542
72,iZwScQhQonM,『手術痕を見て気まずくなる奴』ジャルジャルのネタのタネ【JARUJARUTOWER】,このチャンネルはジャルジャルの公式チャンネルです！ 日々の活動をドンドンUPしていきます！！ ジャルジャルがネタ帳に書き留めたネタになる...,2020-04-17T09:00:30Z,945,34,0,2225,103427
73,BAlaA0hMrvM,『３０年続いているせいで感情なくなった司会者な奴』ジャルジャルのネタのタネ【JARUJARUTOWER】,このチャンネルはジャルジャルの公式チャンネルです！ 日々の活動をドンドンUPしていきます！！ ジャルジャルがネタ帳に書き留めたネタになる...,2020-04-16T09:00:04Z,1163,89,0,4127,257746
74,jUGukUOOTAE,『覇気のない返事をし続ける奴』ジャルジャルのネタのタネ【JARUJARUTOWER】,ジャルジャル単独ツアー史上最大の5都市14公演1万人規模で開催！春の単独ツアー大決定！！ 大晦日に前代未聞の9時間に及ぶ108本コントライブを...,2020-04-15T09:00:19Z,905,33,0,2619,109757
75,JFTVO1gutF8,『どんな仕事にもやりがい見つけられる奴』ジャルジャルのネタのタネ【JARUJARUTOWER】,ジャルジャル単独ツアー史上最大の5都市14公演1万人規模で開催！春の単独ツアー大決定！！ 大晦日に前代未聞の9時間に及ぶ108本コントライブを...,2020-04-14T09:00:05Z,930,84,0,2605,117302
76,C90U5SBbI6I,『客ウケだけは凄そうな漫才台本を書く奴』ジャルジャルのネタのタネ【JARUJARUTOWER】,ジャルジャル単独ツアー史上最大の5都市14公演1万人規模で開催！春の単独ツアー大決定！！ 大晦日に前代未聞の9時間に及ぶ108本コントライブを...,2020-04-13T09:00:11Z,763,75,0,2897,198000
77,Ibno7MEWv_I,『知らん奴vs知らん奴』ジャルジャルのネタのタネ【JARUJARUTOWER】,ジャルジャル単独ツアー史上最大の5都市14公演1万人規模で開催！春の単独ツアー大決定！！ 大晦日に前代未聞の9時間に及ぶ108本コントライブを...,2020-04-12T09:00:06Z,901,68,0,3506,195499
78,moCoQuzSOrI,『リモートネタ合わせするツッコミ下手な関東人な奴』,このチャンネルはジャルジャルの公式チャンネルです！ 日々の活動をドンドンUPしていきます！！ ジャルジャルがネタ帳に書き留めたネタになる...,2020-04-12T05:40:18Z,909,105,0,5421,345116
79,RwUk3XLVt1E,『親しき仲にも礼儀ありっ屁する奴』ジャルジャルのネタのタネ【JARUJARUTOWER】,ジャルジャル単独ツアー史上最大の5都市14公演1万人規模で開催！春の単独ツアー大決定！！ 大晦日に前代未聞の9時間に及ぶ108本コントライブを...,2020-04-10T09:00:18Z,804,49,0,2500,102482
80,l3fxx1lKFno,『リモート漫才する奴』,このチャンネルはジャルジャルの公式チャンネルです！ 日々の活動をドンドンUPしていきます！！ ジャルジャルがネタ帳に書き留めたネタになる...,2020-04-08T09:55:05Z,1165,293,0,12736,572298
81,8ZKa2T-liFs,『動じないおばはんな奴』ジャルジャルのネタのタネ【JARUJARUTOWER】,ジャルジャル単独ツアー史上最大の5都市14公演1万人規模で開催！春の単独ツアー大決定！！ 大晦日に前代未聞の9時間に及ぶ108本コントライブを...,2020-04-08T09:00:04Z,953,35,0,2844,107874
82,lZ3V3PPk_XQ,『食事中は滑舌がマシになる南って奴』ジャルジャルのネタのタネ【JARUJARUTOWER】,ジャルジャル単独ツアー史上最大の5都市14公演1万人規模で開催！春の単独ツアー大決定！！ 大晦日に前代未聞の9時間に及ぶ108本コントライブを...,2020-04-07T09:00:30Z,2261,257,0,22204,934912
83,ju-dLZtUvXc,『密着されてるのに、カメラ目線になる大家族の親父の奴』ジャルジャルのネタのタネ【JARUJARUTOWER】,ジャルジャル単独ツアー史上最大の5都市14公演1万人規模で開催！春の単独ツアー大決定！！ 大晦日に前代未聞の9時間に及ぶ108本コントライブを...,2020-04-05T09:00:20Z,501,30,0,1877,103397
84,HfB5VvnCdTQ,『ビックリさせたリアクションにビックリする奴』ジャルジャルのネタのタネ【JARUJARUTOWER】,ジャルジャル単独ツアー史上最大の5都市14公演1万人規模で開催！春の単独ツアー大決定！！ 大晦日に前代未聞の9時間に及ぶ108本コントライブを...,2020-04-04T09:00:13Z,608,32,0,2505,95538
85,oQZzmy_OdOo,『内閣総理大臣  野山 晋って奴』ジャルジャルのネタのタネ【JARUJARUTOWER】,ジャルジャル単独ツアー史上最大の5都市14公演1万人規模で開催！春の単独ツアー大決定！！ 大晦日に前代未聞の9時間に及ぶ108本コントライブを...,2020-04-03T09:00:31Z,820,53,0,2878,136659
86,GPVjm3JuTuI,『目に懐中電灯を当てられて点が残る奴』ジャルジャルのネタのタネ【JARUJARUTOWER】,ジャルジャル単独ツアー史上最大の5都市14公演1万人規模で開催！春の単独ツアー大決定！！ 大晦日に前代未聞の9時間に及ぶ108本コントライブを...,2020-04-02T09:00:06Z,515,42,0,1841,87173
87,YxdWig45E9w,『謝らん奴』ジャルジャルのネタのタネ【JARUJARUTOWER】,ジャルジャル単独ツアー史上最大の5都市14公演1万人規模で開催！春の単独ツアー大決定！！ 大晦日に前代未聞の9時間に及ぶ108本コントライブを...,2020-04-01T09:00:23Z,825,45,0,3033,169858
88,Cj1rtFn-JxA,『中高一貫やから高１の時点で親友いる奴』ジャルジャルのネタのタネ【JARUJARUTOWER】,ジャルジャル単独ツアー史上最大の5都市14公演1万人規模で開催！春の単独ツアー大決定！！ 大晦日に前代未聞の9時間に及ぶ108本コントライブを...,2020-03-31T09:00:05Z,647,63,0,3389,245706
89,03272X1vnX8,『２人だけの不思議なルールある奴ら』ジャルジャルのネタのタネ【JARUJARUTOWER】,ジャルジャル単独ツアー史上最大の5都市14公演1万人規模で開催！春の単独ツアー大決定！！ 大晦日に前代未聞の9時間に及ぶ108本コントライブを...,2020-03-30T09:00:00Z,930,86,0,4954,246186
90,VYtTmzMleRM,煩悩ネタ！『友達のこと信用してない奴』,【福徳】 〈１０８本ライブをアップした翌日に結局１０８本を１本ずつアップする奴〉です。 本当は１０８本連続で見て欲しいけど個別で見れる...,2020-03-29T01:24:38Z,59,6,0,474,35472
91,ks7hK8_Bixk,煩悩ネタ！『タメ口な奴』,【福徳】 〈１０８本ライブをアップした翌日に結局１０８本を１本ずつアップする奴〉です。 本当は１０８本連続で見て欲しいけど個別で見れる...,2020-03-29T01:25:19Z,66,10,0,820,56030
92,iM50LQwbn9k,煩悩ネタ！『悪趣味な奴』,【福徳】 〈１０８本ライブをアップした翌日に結局１０８本を１本ずつアップする奴〉です。 本当は１０８本連続で見て欲しいけど個別で見れる...,2020-03-29T01:25:41Z,84,10,0,660,44124
93,AMVwZXZwcRA,煩悩ネタ！『変な奴』,【福徳】 〈１０８本ライブをアップした翌日に結局１０８本を１本ずつアップする奴〉です。 本当は１０８本連続で見て欲しいけど個別で見れる...,2020-03-29T01:25:02Z,153,17,0,929,73584
94,xZDBDH8eseY,煩悩ネタ！『107本を通して感じたことをコントにする奴』,【福徳】 〈１０８本ライブをアップした翌日に結局１０８本を１本ずつアップする奴〉です。 本当は１０８本連続で見て欲しいけど個別で見れる...,2020-03-29T01:26:07Z,887,46,0,1385,72061
95,cj1oNj8scwo,煩悩ネタ！『バイトの面接で「いい人そ〜」って言われる奴』,【福徳】 〈１０８本ライブをアップした翌日に結局１０８本を１本ずつアップする奴〉です。 本当は１０８本連続で見て欲しいけど個別で見れる...,2020-03-29T01:24:54Z,50,9,0,562,35882
96,4Smk4Y3ZcNQ,煩悩ネタ！『超能力あった奴』,【福徳】 〈１０８本ライブをアップした翌日に結局１０８本を１本ずつアップする奴〉です。 本当は１０８本連続で見て欲しいけど個別で見れる...,2020-03-29T01:22:41Z,92,8,0,886,41953
97,5ekbRJu1D7U,煩悩ネタ！『「風俗の待合室で会いましたよね？」って言う奴』,【福徳】 〈１０８本ライブをアップした翌日に結局１０８本を１本ずつアップする奴〉です。 本当は１０８本連続で見て欲しいけど個別で見れる...,2020-03-29T01:23:20Z,31,5,0,413,29436
98,S67w6J5xIwE,煩悩ネタ！『本番だけ滑舌悪い奴』,【福徳】 〈１０８本ライブをアップした翌日に結局１０８本を１本ずつアップする奴〉です。 本当は１０８本連続で見て欲しいけど個別で見れる...,2020-03-29T01:23:12Z,40,1,0,410,28113
99,N24IQTFXHds,煩悩ネタ！『笛が落ちずにすんだ奴』,【福徳】 〈１０８本ライブをアップした翌日に結局１０８本を１本ずつアップする奴〉です。 本当は１０８本連続で見て欲しいけど個別で見れる...,2020-03-29T01:22:50Z,79,3,0,1102,29004
100,b4hUUybCGuc,煩悩ネタ！『クリフハンガーっていうゲームやる奴』,【福徳】 〈１０８本ライブをアップした翌日に結局１０８本を１本ずつアップする奴〉です。 本当は１０８本連続で見て欲しいけど個別で見れる...,2020-03-29T01:22:58Z,32,2,0,350,25147
101,JwitusvvMmQ,煩悩ネタ！『海よりのバックコーラスな奴』,【福徳】 〈１０８本ライブをアップした翌日に結局１０８本を１本ずつアップする奴〉です。 本当は１０８本連続で見て欲しいけど個別で見れる...,2020-03-29T01:23:54Z,58,2,0,434,22566
102,Z70JQJT7rrE,煩悩ネタ！『悪気なく笑いとる奴』,【福徳】 〈１０８本ライブをアップした翌日に結局１０８本を１本ずつアップする奴〉です。 本当は１０８本連続で見て欲しいけど個別で見れる...,2020-03-29T01:22:20Z,98,9,0,594,44699
103,f_r4F6QTZx4,煩悩ネタ！『第一声、間違えて、友達失う奴』,【福徳】 〈１０８本ライブをアップした翌日に結局１０８本を１本ずつアップする奴〉です。 本当は１０８本連続で見て欲しいけど個別で見れる...,2020-03-29T01:20:05Z,476,86,0,5083,363342
104,GDhnSnD99vo,煩悩ネタ！『宇宙人と交信できたと思った奴』,【福徳】 〈１０８本ライブをアップした翌日に結局１０８本を１本ずつアップする奴〉です。 本当は１０８本連続で見て欲しいけど個別で見れる...,2020-03-29T01:21:51Z,22,5,0,267,19338
105,PCc_wc2NgC8,煩悩ネタ！『「すいません、間違えました」と言ってるのに何回も入ってくる奴』,【福徳】 〈１０８本ライブをアップした翌日に結局１０８本を１本ずつアップする奴〉です。 本当は１０８本連続で見て欲しいけど個別で見れる...,2020-03-29T01:21:58Z,54,2,0,459,28341
106,ziookS6NzCg,煩悩ネタ！『最後にタップダンス踊る奴』,【福徳】 〈１０８本ライブをアップした翌日に結局１０８本を１本ずつアップする奴〉です。 本当は１０８本連続で見て欲しいけど個別で見れる...,2020-03-29T01:21:04Z,25,2,0,311,18427
107,Y1Qjg4KWrqw,煩悩ネタ！『密室ロング落語する奴』,【福徳】 〈１０８本ライブをアップした翌日に結局１０８本を１本ずつアップする奴〉です。 本当は１０８本連続で見て欲しいけど個別で見れる...,2020-03-29T01:21:40Z,78,5,0,480,42474
108,V6IZWsEi1sQ,煩悩ネタ！『ツッコミ下手な関東人な奴』,【福徳】 〈１０８本ライブをアップした翌日に結局１０８本を１本ずつアップする奴〉です。 本当は１０８本連続で見て欲しいけど個別で見れる...,2020-03-29T01:20:12Z,205,31,0,1882,119546
109,cTi_NVe40Go,煩悩ネタ！『珍しい形でファンに支持されてる歌手な奴』,【福徳】 〈１０８本ライブをアップした翌日に結局１０８本を１本ずつアップする奴〉です。 本当は１０８本連続で見て欲しいけど個別で見れる...,2020-03-29T01:20:54Z,17,1,0,264,17691
110,3M6KRZ9p8i0,煩悩ネタ！『ちゃう奴呼んでもた奴』,【福徳】 〈１０８本ライブをアップした翌日に結局１０８本を１本ずつアップする奴〉です。 本当は１０８本連続で見て欲しいけど個別で見れる...,2020-03-29T01:18:12Z,27,5,0,316,24113
111,BcTsLfoxy9o,煩悩ネタ！『「しばくぞ」が口癖な奴』,【福徳】 〈１０８本ライブをアップした翌日に結局１０８本を１本ずつアップする奴〉です。 本当は１０８本連続で見て欲しいけど個別で見れる...,2020-03-29T01:18:52Z,57,5,0,434,29451
112,o9bBvB6JOqI,煩悩ネタ！『コントライブなのに漫才披露する奴』,【福徳】 〈１０８本ライブをアップした翌日に結局１０８本を１本ずつアップする奴〉です。 本当は１０８本連続で見て欲しいけど個別で見れる...,2020-03-29T01:19:05Z,90,8,0,822,47115
113,A2P0r8utzBE,煩悩ネタ！『万引き顔の一族な奴』,【福徳】 〈１０８本ライブをアップした翌日に結局１０８本を１本ずつアップする奴〉です。 本当は１０８本連続で見て欲しいけど個別で見れる...,2020-03-29T01:19:26Z,58,4,0,513,38746
114,5xekfCW_k08,煩悩ネタ！『老人ホームでラップする奴』,【福徳】 〈１０８本ライブをアップした翌日に結局１０８本を１本ずつアップする奴〉です。 本当は１０８本連続で見て欲しいけど個別で見れる...,2020-03-29T01:19:11Z,38,4,0,394,23627
115,WHMenDYvNAI,煩悩ネタ！『ゲップを添えて驚く奴』,【福徳】 〈１０８本ライブをアップした翌日に結局１０８本を１本ずつアップする奴〉です。 本当は１０８本連続で見て欲しいけど個別で見れる...,2020-03-29T01:18:20Z,51,3,0,287,20066
116,X-c7t-MFrPk,煩悩ネタ！『アフリカの奥地から来た奴』,【福徳】 〈１０８本ライブをアップした翌日に結局１０８本を１本ずつアップする奴〉です。 本当は１０８本連続で見て欲しいけど個別で見れる...,2020-03-29T01:19:58Z,39,2,0,363,23930
117,7cmhTQdkNEY,煩悩ネタ！『南っていう奴』,【福徳】 〈１０８本ライブをアップした翌日に結局１０８本を１本ずつアップする奴〉です。 本当は１０８本連続で見て欲しいけど個別で見れる...,2020-03-29T01:19:33Z,75,4,0,700,31907
118,V0IS7em-qsg,煩悩ネタ！『バンドやりたい!だけの奴』,このチャンネルはジャルジャルの公式チャンネルです！ 日々の活動をドンドンUPしていきます！！ ジャルジャルがネタ帳に書き留めたネタになる...,2020-03-29T01:17:09Z,97,10,0,909,39841
119,gO0ex_ZxbN0,煩悩ネタ！『肛門開いた奴』,【福徳】 〈１０８本ライブをアップした翌日に結局１０８本を１本ずつアップする奴〉です。 本当は１０８本連続で見て欲しいけど個別で見れる...,2020-03-29T01:16:33Z,49,1,0,413,26715
120,kBwLAHUcJf0,煩悩ネタ！『芸人やのに普通の青年の奴』,【福徳】 〈１０８本ライブをアップした翌日に結局１０８本を１本ずつアップする奴〉です。 本当は１０８本連続で見て欲しいけど個別で見れる...,2020-03-29T01:17:37Z,40,3,0,403,28271
121,BLMgs1lxLRs,煩悩ネタ！『ボクシングジム殴り込むヤバイ奴』,【福徳】 〈１０８本ライブをアップした翌日に結局１０８本を１本ずつアップする奴〉です。 本当は１０８本連続で見て欲しいけど個別で見れる...,2020-03-29T01:16:40Z,79,18,0,1121,100120
122,yJFiMls8al0,煩悩ネタ！『高校生なのに歌い方が４０代の奴』,【福徳】 〈１０８本ライブをアップした翌日に結局１０８本を１本ずつアップする奴〉です。 本当は１０８本連続で見て欲しいけど個別で見れる...,2020-03-29T01:17:27Z,291,42,0,3235,158131
123,pfvQ4FKNsRk,煩悩ネタ！『鮎に屁を嗅がせる奴』,【福徳】 〈１０８本ライブをアップした翌日に結局１０８本を１本ずつアップする奴〉です。 本当は１０８本連続で見て欲しいけど個別で見れる...,2020-03-29T01:15:47Z,71,2,0,633,27554
124,GnZIzfOHOsI,煩悩ネタ！『軽い知り合いに屁してるとこ見られる奴』,【福徳】 〈１０８本ライブをアップした翌日に結局１０８本を１本ずつアップする奴〉です。 本当は１０８本連続で見て欲しいけど個別で見れる...,2020-03-29T01:16:56Z,25,2,0,251,20931
125,hFnhrRqDrA0,煩悩ネタ！『オキンタマデカ男って奴』,【福徳】 〈１０８本ライブをアップした翌日に結局１０８本を１本ずつアップする奴〉です。 本当は１０８本連続で見て欲しいけど個別で見れる...,2020-03-29T01:16:15Z,478,80,0,6629,326413
126,SMz5sN6xaE0,煩悩ネタ！『万引きの注意、スタンガンな奴』,【福徳】 〈１０８本ライブをアップした翌日に結局１０８本を１本ずつアップする奴〉です。 本当は１０８本連続で見て欲しいけど個別で見れる...,2020-03-29T01:16:50Z,36,3,0,433,30691
127,wg-hRa2CFEs,煩悩ネタ！『大学の入学を辞めただけの奴』,【福徳】 〈１０８本ライブをアップした翌日に結局１０８本を１本ずつアップする奴〉です。 本当は１０８本連続で見て欲しいけど個別で見れる...,2020-03-29T01:17:43Z,185,49,0,2506,167899
128,zi-xvjHv3Ag,煩悩ネタ！『会議の日間違えて怒鳴られる奴』,【福徳】 〈１０８本ライブをアップした翌日に結局１０８本を１本ずつアップする奴〉です。 本当は１０８本連続で見て欲しいけど個別で見れる...,2020-03-29T01:16:06Z,48,9,0,845,46055
129,KcIG966T5sE,煩悩ネタ！『怒鳴り返されたん気付かん奴』,【福徳】 〈１０８本ライブをアップした翌日に結局１０８本を１本ずつアップする奴〉です。 本当は１０８本連続で見て欲しいけど個別で見れる...,2020-03-29T01:15:34Z,42,4,0,597,32507
130,_4eTDdvH8XA,煩悩ネタ！『怒り分散させる奴』,【福徳】 〈１０８本ライブをアップした翌日に結局１０８本を１本ずつアップする奴〉です。 本当は１０８本連続で見て欲しいけど個別で見れる...,2020-03-29T01:14:46Z,27,1,0,572,27038
131,6WJNcd40kxA,煩悩ネタ！『ちびっこ相撲をやってたせいで怒鳴られる奴』,【福徳】 〈１０８本ライブをアップした翌日に結局１０８本を１本ずつアップする奴〉です。 本当は１０８本連続で見て欲しいけど個別で見れる...,2020-03-29T01:14:53Z,64,7,0,777,43214
132,VPeE_hhDCR8,煩悩ネタ！『ハズレの先生が担任になった奴』,【福徳】 〈１０８本ライブをアップした翌日に結局１０８本を１本ずつアップする奴〉です。 本当は１０８本連続で見て欲しいけど個別で見れる...,2020-03-29T01:14:33Z,312,20,0,2251,124116
133,GCSEnAZK4F4,煩悩ネタ！『一応、人命救助した奴』,【福徳】 〈１０８本ライブをアップした翌日に結局１０８本を１本ずつアップする奴〉です。 本当は１０８本連続で見て欲しいけど個別で見れる...,2020-03-29T01:15:09Z,85,12,0,1030,72035
134,QOZzsnoAFmI,煩悩ネタ！『司会者のくせに全然しゃべらない奴』,【福徳】 〈１０８本ライブをアップした翌日に結局１０８本を１本ずつアップする奴〉です。 本当は１０８本連続で見て欲しいけど個別で見れる...,2020-03-29T01:14:26Z,40,3,0,427,31495
135,F5xY1oQ_B_w,煩悩ネタ！『最終日にウィー!!っていう奴』,【福徳】 〈１０８本ライブをアップした翌日に結局１０８本を１本ずつアップする奴〉です。 本当は１０８本連続で見て欲しいけど個別で見れる...,2020-03-29T01:15:01Z,38,3,0,430,27878
136,Z8L9tdWcfy8,煩悩ネタ！『男子高校生のくせに演歌を作って歌う奴』,【福徳】 〈１０８本ライブをアップした翌日に結局１０８本を１本ずつアップする奴〉です。 本当は１０８本連続で見て欲しいけど個別で見れる...,2020-03-29T01:13:59Z,55,3,0,409,32244
137,TrA98HARfZ4,煩悩ネタ！『めっちゃ練習する奴』,【福徳】 〈１０８本ライブをアップした翌日に結局１０８本を１本ずつアップする奴〉です。 本当は１０８本連続で見て欲しいけど個別で見れる...,2020-03-29T01:14:09Z,160,11,0,1494,71142
138,eMG_azklzHA,煩悩ネタ！『アルファベット読まれへん奴』,【福徳】 〈１０８本ライブをアップした翌日に結局１０８本を１本ずつアップする奴〉です。 本当は１０８本連続で見て欲しいけど個別で見れる...,2020-03-29T01:12:04Z,41,3,0,385,36482
139,1i0ICQySJeU,煩悩ネタ！『コントと現実の違いを見せる奴』,【福徳】 〈１０８本ライブをアップした翌日に結局１０８本を１本ずつアップする奴〉です。 本当は１０８本連続で見て欲しいけど個別で見れる...,2020-03-29T01:12:49Z,29,7,0,394,29580
140,j7pGlocLoGc,煩悩ネタ！『フォレに楽屋訪問する奴』,【福徳】 〈１０８本ライブをアップした翌日に結局１０８本を１本ずつアップする奴〉です。 本当は１０８本連続で見て欲しいけど個別で見れる...,2020-03-29T01:12:22Z,68,4,0,506,32314
141,SKg6vsPPgaA,煩悩ネタ！『無理矢理変なことさせる奴』,【福徳】 〈１０８本ライブをアップした翌日に結局１０８本を１本ずつアップする奴〉です。 本当は１０８本連続で見て欲しいけど個別で見れる...,2020-03-29T01:12:30Z,48,11,0,691,53759
142,4Uvo0JKMVUY,煩悩ネタ！『若ハゲサンキューな奴』,【福徳】 〈１０８本ライブをアップした翌日に結局１０８本を１本ずつアップする奴〉です。 本当は１０８本連続で見て欲しいけど個別で見れる...,2020-03-29T01:12:58Z,66,5,0,457,34329
143,dKB8Z_KJG3I,煩悩ネタ！『嘘つき通す奴』,【福徳】 〈１０８本ライブをアップした翌日に結局１０８本を１本ずつアップする奴〉です。 本当は１０８本連続で見て欲しいけど個別で見れる...,2020-03-29T01:13:07Z,300,100,0,4321,320612
144,HM_581eX3kc,煩悩ネタ！『綱引きで負けて、そのままタクシーで帰る奴』,【福徳】 〈１０８本ライブをアップした翌日に結局１０８本を１本ずつアップする奴〉です。 本当は１０８本連続で見て欲しいけど個別で見れる...,2020-03-29T01:11:54Z,40,5,0,678,46473
145,WnC5A8T9maM,煩悩ネタ！『脚本家って言えへん奴』,【福徳】 〈１０８本ライブをアップした翌日に結局１０８本を１本ずつアップする奴〉です。 本当は１０８本連続で見て欲しいけど個別で見れる...,2020-03-29T01:12:12Z,109,12,0,1390,72410
146,zT3U97DknSE,煩悩ネタ！『雑談から漫才したい奴』,【福徳】 〈１０８本ライブをアップした翌日に結局１０８本を１本ずつアップする奴〉です。 本当は１０８本連続で見て欲しいけど個別で見れる...,2020-03-29T01:10:30Z,135,18,0,1705,103362
147,IlGJB_Bo3qs,煩悩ネタ！『カバはカバと思ってる奴』,【福徳】 〈１０８本ライブをアップした翌日に結局１０８本を１本ずつアップする奴〉です。 本当は１０８本連続で見て欲しいけど個別で見れる...,2020-03-29T01:10:59Z,93,11,0,852,45282
148,qQjmIqc2gak,煩悩ネタ！『うっすら寒いから会社休む奴』,【福徳】 〈１０８本ライブをアップした翌日に結局１０８本を１本ずつアップする奴〉です。 本当は１０８本連続で見て欲しいけど個別で見れる...,2020-03-29T01:10:23Z,68,10,0,817,55066
149,upGOovXILls,煩悩ネタ！『落語であってくれと願う奴』,【福徳】 〈１０８本ライブをアップした翌日に結局１０８本を１本ずつアップする奴〉です。 本当は１０８本連続で見て欲しいけど個別で見れる...,2020-03-29T01:09:44Z,167,11,0,1825,72966
150,Qr3dg-i0wE4,煩悩ネタ！『うんこのシミ、わざわざ報告する奴』,【福徳】 〈１０８本ライブをアップした翌日に結局１０８本を１本ずつアップする奴〉です。 本当は１０８本連続で見て欲しいけど個別で見れる...,2020-03-29T01:10:51Z,33,5,0,748,39646
151,4Wyi1ZlFXog,煩悩ネタ！『拾った財布にサインする舞台俳優な奴』,【福徳】 〈１０８本ライブをアップした翌日に結局１０８本を１本ずつアップする奴〉です。 本当は１０８本連続で見て欲しいけど個別で見れる...,2020-03-29T01:11:27Z,34,4,0,421,34597
152,ZaMsevwcZJk,煩悩ネタ！『ど忘れした奴』,【福徳】 〈１０８本ライブをアップした翌日に結局１０８本を１本ずつアップする奴〉です。 本当は１０８本連続で見て欲しいけど個別で見れる...,2020-03-29T01:10:44Z,39,4,0,550,41159
153,yVJopeiOzn4,煩悩ネタ！『バックヤードでリセットされる奴』,【福徳】 〈１０８本ライブをアップした翌日に結局１０８本を１本ずつアップする奴〉です。 本当は１０８本連続で見て欲しいけど個別で見れる...,2020-03-29T01:11:13Z,48,6,0,720,44403
154,6DbUV7M3mEA,煩悩ネタ！『男なのに、女子バレー部の試合呼ばれた奴』,【福徳】 〈１０８本ライブをアップした翌日に結局１０８本を１本ずつアップする奴〉です。 本当は１０８本連続で見て欲しいけど個別で見れる...,2020-03-29T01:10:06Z,130,12,0,912,63600
155,Au-mjjkqe7g,煩悩ネタ！『声の周波数のせいで離れたら英語に聞こえる奴』,【福徳】 〈１０８本ライブをアップした翌日に結局１０８本を１本ずつアップする奴〉です。 本当は１０８本連続で見て欲しいけど個別で見れる...,2020-03-29T01:08:46Z,114,14,0,1492,73866
156,-0uGmEr68Kc,煩悩ネタ！『軽い知り合いにチューしてるとこ見られる奴』,【福徳】 〈１０８本ライブをアップした翌日に結局１０８本を１本ずつアップする奴〉です。 本当は１０８本連続で見て欲しいけど個別で見れる...,2020-03-29T01:09:12Z,50,4,0,545,42986
157,1TzGN4VSGR0,煩悩ネタ！『一服する奴』,【福徳】 〈１０８本ライブをアップした翌日に結局１０８本を１本ずつアップする奴〉です。 本当は１０８本連続で見て欲しいけど個別で見れる...,2020-03-29T01:08:19Z,393,35,0,1686,117978
158,-FCCCaYJQgU,煩悩ネタ！『ちょけた出しもんして後悔する奴』,【福徳】 〈１０８本ライブをアップした翌日に結局１０８本を１本ずつアップする奴〉です。 本当は１０８本連続で見て欲しいけど個別で見れる...,2020-03-29T01:08:54Z,81,6,0,869,54720
159,QtmM8l8E3HM,煩悩ネタ！『体操走りな奴』,【福徳】 〈１０８本ライブをアップした翌日に結局１０８本を１本ずつアップする奴〉です。 本当は１０８本連続で見て欲しいけど個別で見れる...,2020-03-29T01:09:02Z,99,10,0,1341,72275
160,TJDTMyVX4fw,煩悩ネタ！『あだ名コロコロ変わる奴』,【福徳】 〈１０８本ライブをアップした翌日に結局１０８本を１本ずつアップする奴〉です。 本当は１０８本連続で見て欲しいけど個別で見れる...,2020-03-29T01:09:19Z,251,30,0,2401,164451
161,oD6jlChFRvs,煩悩ネタ！『本名、ふざけてると思われる奴』,【福徳】 〈１０８本ライブをアップした翌日に結局１０８本を１本ずつアップする奴〉です。 本当は１０８本連続で見て欲しいけど個別で見れる...,2020-03-29T01:08:26Z,93,10,0,1061,69668
162,9UoIDNCR1XE,「大晦日に１０８回もジャルってんじゃねえよ」2019年12月31日,大晦日に108回もジャルってんじゃねえよ」はジャルジャルが昨年の大晦日、除夜の鐘を打つ回数“108”にかけて開演時間を10時8分、チケット料...,2020-03-28T01:08:00Z,2300,109,0,9535,509581
163,fF_eDumrcn0,『端にもう一人おった奴』ジャルジャルのネタのタネ【JARUJARUTOWER】,ジャルジャル単独ツアー史上最大の5都市14公演1万人規模で開催！春の単独ツアー大決定！！ 大晦日に前代未聞の9時間に及ぶ108本コントライブを...,2020-03-26T09:00:14Z,864,21,0,3691,89085
164,ANnavY3OSLM,『長年、演歌やってるからプロ根性すごい奴』ジャルジャルのネタのタネ【JARUJARUTOWER】,ジャルジャル単独ツアー史上最大の5都市14公演1万人規模で開催！春の単独ツアー大決定！！ 大晦日に前代未聞の9時間に及ぶ108本コントライブを...,2020-03-25T09:00:04Z,483,32,0,1450,59743
165,1Cy3MfoxnvA,『クラスメートにしか通用しない陽気さを持ってる奴』ジャルジャルのネタのタネ【JARUJARUTOWER】,ジャルジャル単独ツアー史上最大の5都市14公演1万人規模で開催！春の単独ツアー大決定！！ 大晦日に前代未聞の9時間に及ぶ108本コントライブを...,2020-03-24T09:00:01Z,1014,84,0,4796,201028
166,4G_i_OoUUoI,コメント読む奴〜2020年2月編〜,このチャンネルはジャルジャルの公式チャンネルです！ コメントを読む奴は今後、毎月発表して行きます！ 更新は撮影の関係で固定の曜日ではあ...,2020-03-23T09:00:01Z,716,34,0,2166,86121
167,hqGUMDfhOcI,『難しすぎるゲームを屋台で出してる奴』ジャルジャルのネタのタネ【JARUJARUTOWER】,ジャルジャル単独ツアー史上最大の5都市14公演1万人規模で開催！春の単独ツアー大決定！！ 大晦日に前代未聞の9時間に及ぶ108本コントライブを...,2020-03-23T09:00:30Z,612,63,0,2376,150010
168,z8boWPbk_9Y,『わからん問題、笑って誤魔化す先生な奴』ジャルジャルのネタのタネ【JARUJARUTOWER】,ジャルジャル単独ツアー史上最大の5都市14公演1万人規模で開催！春の単独ツアー大決定！！ 大晦日に前代未聞の9時間に及ぶ108本コントライブを...,2020-03-22T09:00:32Z,912,67,0,3471,184862
169,y99AO2-0eDc,『スポーツ刈りのくせに職務質問される奴』ジャルジャルのネタのタネ【JARUJARUTOWER】,ジャルジャル単独ツアー史上最大の5都市14公演1万人規模で開催！春の単独ツアー大決定！！ 大晦日に前代未聞の9時間に及ぶ108本コントライブを...,2020-03-20T09:00:26Z,1513,255,0,7948,681750
170,Aqh1ArkDlhU,『コラボして揉めるラッパーと演歌歌手な奴』ジャルジャルのネタのタネ【JARUJARUTOWER】,ジャルジャル単独ツアー史上最大の5都市14公演1万人規模で開催！春の単独ツアー大決定！！ 大晦日に前代未聞の9時間に及ぶ108本コントライブを...,2020-03-19T09:00:04Z,965,70,0,2993,164709
171,baTPDTHJRYE,『一人コント言うてたのに、もう一人出てくる奴』ジャルジャルのネタのタネ【JARUJARUTOWER】,ジャルジャル単独ツアー史上最大の5都市14公演1万人規模で開催！春の単独ツアー大決定！！ 大晦日に前代未聞の9時間に及ぶ108本コントライブを...,2020-03-18T09:00:15Z,633,55,0,2178,102862
172,iFsHnQdOXlg,『ため口な奴～ベテラン刑事と新米刑事～』ジャルジャルのネタのタネ【JARUJARUTOWER】,ジャルジャル単独ツアー史上最大の5都市14公演1万人規模で開催！春の単独ツアー大決定！！ 大晦日に前代未聞の9時間に及ぶ108本コントライブを...,2020-03-17T09:00:28Z,798,145,0,4538,461472
173,7TYc-Zd2F7k,『理解不能者にカツアゲする奴』ジャルジャルのネタのタネ【JARUJARUTOWER】,ジャルジャル単独ツアー史上最大の5都市14公演1万人規模で開催！春の単独ツアー大決定！！ 大晦日に前代未聞の9時間に及ぶ108本コントライブを...,2020-03-16T09:00:04Z,962,106,0,5244,313518
174,jq7L-kYLBW0,ジャルジャルのドキュメント『幻想的な歌手フォレに密着する奴』,３億回記念！本気ネタ！『地元のツレが下品な奴』に登場した、 幻想的な歌手「フォレ」に密着したVTRです。 まずは、本気ネタの方から先にご...,2020-03-12T11:00:09Z,3959,169,0,15156,505189
175,rIc4En3XJpw,『遊園地のアトラクションの空気潰す関西人な奴』ジャルジャルのネタのタネ【JARUJARUTOWER】,ジャルジャル単独ツアー史上最大の5都市14公演1万人規模で開催！春の単独ツアー大決定！！ 大晦日に前代未聞の9時間に及ぶ108本コントライブを...,2020-03-12T09:00:14Z,1067,109,0,4249,278241
176,1l1J96aCcD4,ジャルジャル『&quot;国名分けっこ&quot;のパロディでハローキティがやったネタ&quot;キャラ名分けっこ&quot;をやってみた奴』【JARUJARUTOWER】,提供：サンリオ このチャンネルはジャルジャルの公式チャンネルです！ 日々の活動をドンドンUPしていきます！！ YouTuberとしても活動をはじめ...,2020-03-11T09:00:00Z,697,34,0,4000,129995
177,JirZBFFR3gM,『何曲歌っても一曲とみなされる奴』ジャルジャルのネタのタネ【JARUJARUTOWER】,ジャルジャル単独ツアー史上最大の5都市14公演1万人規模で開催！春の単独ツアー大決定！！ 大晦日に前代未聞の9時間に及ぶ108本コントライブを...,2020-03-09T09:00:03Z,812,47,0,2431,161955
178,_3P9tk6xmlM,おまけ！３億回記念！本気ネタ！『教育実習生じゃなかった奴』ジャルジャルのネタのタネ【JARUJARUTOWER】,ジャルジャルが毎日１本ネタを無料配信するYoutube公式チャンネル「JARU JARU TOWER」で配信している動画の合計再生回数が３億回を突破しました。...,2020-03-08T11:00:08Z,733,165,0,10655,584222
179,jkxjnWN0VRg,３億回記念！本気ネタ！『地元のツレが下品な奴』【JARUJARUTOWER】,ジャルジャルが毎日１本ネタを無料配信するYoutube公式チャンネル「JARU JARU TOWER」で配信している動画の合計再生回数が３億回を突破しました。...,2020-03-07T10:00:09Z,973,135,0,4604,320339
180,irMf9PfJtXE,３億回記念！本気ネタ！『ラグビー下手な奴』【JARUJARUTOWER】,ジャルジャルが毎日１本ネタを無料配信するYoutube公式チャンネル「JARU JARU TOWER」で配信している動画の合計再生回数が３億回を突破しました。...,2020-03-06T12:00:09Z,690,128,0,6508,579675
181,M_b8adY2lBs,『離れたら英語に聞こえる奴と南って奴』ジャルジャルのネタのタネ【JARUJARUTOWER】,ジャルジャル単独ツアー史上最大の5都市14公演1万人規模で開催！春の単独ツアー大決定！！ 大晦日に前代未聞の9時間に及ぶ108本コントライブを...,2020-03-05T09:00:07Z,991,86,0,6078,277639
182,aN0-5nMob7M,３億回記念！本気ネタ！『初めてカラオケ行く奴』【JARUJARUTOWER】,ジャルジャルが毎日１本ネタを無料配信するYoutube公式チャンネル「JARU JARU TOWER」で配信している動画の合計再生回数が３億回を突破しました。...,2020-03-05T08:00:01Z,1360,344,0,10544,989153
183,2GSFiyFb2vs,３億回記念！本気ネタ！『スタッフ３人とも変な奴』【JARUJARUTOWER】,ジャルジャルが毎日１本ネタを無料配信するYoutube公式チャンネル「JARU JARU TOWER」で配信している動画の合計再生回数が３億回を突破しました。...,2020-03-04T08:00:00Z,611,99,0,3250,255920
184,QbatZlOb0f8,『ムササビ買いに来た奴』ジャルジャルのネタのタネ【JARUJARUTOWER】,提供：プロスタッフ □速吸水 ムササビクロス（洗車後の拭き上げに最適な超便利クロス） 商品はこちら: https://prostaff-jp.com/products/p161/ 購入はこち...,2020-03-03T09:00:04Z,449,25,0,1635,67273
185,xVddr7lcAA4,『ＣＭソングに人生観を変えられた奴』ジャルジャルのネタのタネ【JARUJARUTOWER】,ジャルジャル単独ツアー史上最大の5都市14公演1万人規模で開催！春の単独ツアー大決定！！ 大晦日に前代未聞の9時間に及ぶ108本コントライブを...,2020-03-03T09:00:19Z,541,58,0,2481,168402
186,dhn9vR3Q-3k,３億回記念！本気ネタ！『崖っぷちでオーディションする奴』【JARUJARUTOWER】,ジャルジャルが毎日１本ネタを無料配信するYoutube公式チャンネル「JARU JARU TOWER」で配信している動画の合計再生回数が３億回を突破しました。...,2020-03-03T08:00:49Z,715,141,0,4731,431746
187,WDVPOe7q9ww,３億回記念！本気ネタ！『顔が男のおばはん見っけた奴』【JARUJARUTOWER】,ジャルジャルが毎日１本ネタを無料配信するYoutube公式チャンネル「JARU JARU TOWER」で配信している動画の合計再生回数が３億回を突破しました。...,2020-03-02T08:00:09Z,573,34,0,3282,152661
188,T2E3V8sTpek,３億回記念！本気ネタ！『結婚祝いに落語をプレゼントする奴』【JARUJARUTOWER】,ジャルジャルが毎日１本ネタを無料配信するYoutube公式チャンネル「JARU JARU TOWER」で配信している動画の合計再生回数が３億回を突破しました。...,2020-03-01T08:00:11Z,368,37,0,1916,108586
189,0tqYpPNNR6U,『美容室に行くツッコミ下手な関東人な奴』ジャルジャルのネタのタネ【JARUJARUTOWER】,ジャルジャル単独ツアー史上最大の5都市14公演1万人規模で開催！春の単独ツアー大決定！！ 大晦日に前代未聞の9時間に及ぶ108本コントライブを...,2020-02-29T09:00:00Z,988,116,0,4169,239232
190,XEIezveHhiA,３億回記念！本気ネタ！『当日、声枯れる奴』【JARUJARUTOWER】,ジャルジャルが毎日１本ネタを無料配信するYoutube公式チャンネル「JARU JARU TOWER」で配信している動画の合計再生回数が３億回を突破しました。...,2020-02-29T08:00:04Z,1271,210,0,8314,685240
191,XVnB5tJgl-k,『芯からおもんない奴』ジャルジャルのネタのタネ【JARUJARUTOWER】,ジャルジャル単独ツアー史上最大の5都市14公演1万人規模で開催！春の単独ツアー大決定！！ 大晦日に前代未聞の9時間に及ぶ108本コントライブを...,2020-02-28T09:00:06Z,1974,209,0,8885,670647
192,Xy_tm0JEKNo,３億回記念！本気ネタ！『ミュージシャンか漫才師かわからん奴』【JARUJARUTOWER】,ジャルジャルが毎日１本ネタを無料配信するYoutube公式チャンネル「JARU JARU TOWER」で配信している動画の合計再生回数が３億回を突破しました。...,2020-02-28T08:00:11Z,970,99,0,3390,266229
193,ipTcDUrWi3M,『フェイスブックやってるだけの奴』ジャルジャルのネタのタネ【JARUJARUTOWER】,このチャンネルはジャルジャルの公式チャンネルです！ 日々の活動をドンドンUPしていきます！！ ジャルジャルがネタ帳に書き留めたネタになる...,2020-02-25T09:00:15Z,1053,159,0,6176,501007
194,DlnwfQprG_4,『高価な悪徳商品すぐ買う奴』ジャルジャルのネタのタネ【JARUJARUTOWER】,このチャンネルはジャルジャルの公式チャンネルです！ 日々の活動をドンドンUPしていきます！！ ジャルジャルがネタ帳に書き留めたネタになる...,2020-02-24T09:00:02Z,638,225,0,5177,531150
195,xWJHlByV_2U,コメント読む奴〜2020年1月編〜,このチャンネルはジャルジャルの公式チャンネルです！ コメントを読む奴は今後、毎月発表して行きます！ 更新は撮影の関係で固定の曜日ではあ...,2020-02-24T09:00:23Z,665,32,0,1778,80950
196,x_lN8nNH2us,『黒づくめが甘い、黒子な奴』ジャルジャルのネタのタネ【JARUJARUTOWER】,このチャンネルはジャルジャルの公式チャンネルです！ 日々の活動をドンドンUPしていきます！！ ジャルジャルがネタ帳に書き留めたネタになる...,2020-02-23T09:00:11Z,730,40,0,2243,137911
197,7D8twwbNVac,『黒目を見て、スランプかどうか判断する奴』ジャルジャルのネタのタネ【JARUJARUTOWER】,このチャンネルはジャルジャルの公式チャンネルです！ 日々の活動をドンドンUPしていきます！！ ジャルジャルがネタ帳に書き留めたネタになる...,2020-02-22T09:00:01Z,318,27,0,1434,77490
198,fI54gZREc0k,『椅子を引く音と屁の音が似てる奴』ジャルジャルのネタのタネ【JARUJARUTOWER】,このチャンネルはジャルジャルの公式チャンネルです！ 日々の活動をドンドンUPしていきます！！ ジャルジャルがネタ帳に書き留めたネタになる...,2020-02-20T09:00:11Z,630,34,0,1973,102864
199,ApVKXh7JhxI,『三つ星レストランに来る四つ星おっさんな奴』ジャルジャルのネタのタネ【JARUJARUTOWER】,このチャンネルはジャルジャルの公式チャンネルです！ 日々の活動をドンドンUPしていきます！！ ジャルジャルがネタ帳に書き留めたネタになる...,2020-02-18T09:00:02Z,806,93,0,2789,227277
200,gk7XsA9ZWPU,『ギリギリ恨まれない強さのビンタする奴』ジャルジャルのネタのタネ【JARUJARUTOWER】,このチャンネルはジャルジャルの公式チャンネルです！ 日々の活動をドンドンUPしていきます！！ ジャルジャルがネタ帳に書き留めたネタになる...,2020-02-17T09:00:08Z,594,49,0,2412,144357
201,m0rY88_hPj0,『高校の入学式で奇抜な出し物しようとする奴』ジャルジャルのネタのタネ【JARUJARUTOWER】,このチャンネルはジャルジャルの公式チャンネルです！ 日々の活動をドンドンUPしていきます！！ ジャルジャルがネタ帳に書き留めたネタになる...,2020-02-16T09:00:09Z,643,46,0,2844,167946
202,HaAg4xwdaOM,『明るいけど、ほんまは暗い奴』ジャルジャルのネタのタネ【JARUJARUTOWER】,このチャンネルはジャルジャルの公式チャンネルです！ 日々の活動をドンドンUPしていきます！！ ジャルジャルがネタ帳に書き留めたネタになる...,2020-02-12T09:00:07Z,3384,443,0,25596,1557563
203,aUQF4hTjT2k,『排便を運動と思ってる奴』ジャルジャルのネタのタネ【JARUJARUTOWER】,このチャンネルはジャルジャルの公式チャンネルです！ 日々の活動をドンドンUPしていきます！！ ジャルジャルがネタ帳に書き留めたネタになる...,2020-02-11T09:00:01Z,809,77,0,5251,302955
204,WM4WA_sQTok,『なかよしっぱなのキャラ崩れる奴』ジャルジャルのネタのタネ【JARUJARUTOWER】,このチャンネルはジャルジャルの公式チャンネルです！ 日々の活動をドンドンUPしていきます！！ ジャルジャル福徳の絵本『なかよしっぱな』の...,2020-02-07T09:00:07Z,433,32,0,2065,75597
205,KF0EIkS7Alo,『柱しか見えない超能力者な奴』ジャルジャルのネタのタネ【JARUJARUTOWER】,このチャンネルはジャルジャルの公式チャンネルです！ 日々の活動をドンドンUPしていきます！！ ジャルジャルがネタ帳に書き留めたネタになる...,2020-02-06T09:00:04Z,549,42,0,2204,153778
206,QK8cMini-j8,『日本語下手すぎる台湾歌手と大御所ラジオＤＪな奴』ジャルジャルのネタのタネ【JARUJARUTOWER】,このチャンネルはジャルジャルの公式チャンネルです！ 日々の活動をドンドンUPしていきます！！ ジャルジャルがネタ帳に書き留めたネタになる...,2020-02-05T09:00:08Z,639,38,0,1589,91808
207,q57qw6tHk7Y,『お小遣い上がらん奴』ジャルジャルのネタのタネ【JARUJARUTOWER】,このチャンネルはジャルジャルの公式チャンネルです！ 日々の活動をドンドンUPしていきます！！ ジャルジャルがネタ帳に書き留めたネタになる...,2020-02-03T09:01:51Z,1372,108,0,5664,405296
208,wjwBrufQy2k,コメント読む奴〜12月編〜,このチャンネルはジャルジャルの公式チャンネルです！ コメントを読む奴は今後、毎月発表して行きます！ 更新は撮影の関係で固定の曜日ではあ...,2020-01-29T09:00:18Z,571,23,0,1741,77845
209,sFbTLPDrMXI,『カラオケで校歌を歌う奴』ジャルジャルのネタのタネ【JARUJARUTOWER】,このチャンネルはジャルジャルの公式チャンネルです！ 日々の活動をドンドンUPしていきます！！ ジャルジャルがネタ帳に書き留めたネタになる...,2020-01-29T09:00:09Z,786,43,0,3234,156155
210,uvLK2XewNcA,『めっちゃ簡単な手続きで若返る奴』ジャルジャルのネタのタネ【JARUJARUTOWER】,このチャンネルはジャルジャルの公式チャンネルです！ 日々の活動をドンドンUPしていきます！！ ジャルジャルがネタ帳に書き留めたネタになる...,2020-01-28T09:00:11Z,564,51,0,2632,173139
211,fkh0QcJtBrw,『初心思い出す奴』ジャルジャルのネタのタネ【JARUJARUTOWER】,このチャンネルはジャルジャルの公式チャンネルです！ 日々の活動をドンドンUPしていきます！！ ジャルジャルがネタ帳に書き留めたネタになる...,2020-01-26T09:00:09Z,726,54,0,3201,174493
212,yn1I2iJmRYQ,『帯広の景色を想像させる歌手に反発する奴』ジャルジャルのネタのタネ【JARUJARUTOWER】,このチャンネルはジャルジャルの公式チャンネルです！ 日々の活動をドンドンUPしていきます！！ ジャルジャルがネタ帳に書き留めたネタになる...,2020-01-25T09:00:12Z,742,32,0,1769,84520
213,MiaFoJnsChs,『集合させて、しょぼいこと言う奴』ジャルジャルのネタのタネ【JARUJARUTOWER】,このチャンネルはジャルジャルの公式チャンネルです！ 日々の活動をドンドンUPしていきます！！ ジャルジャルがネタ帳に書き留めたネタになる...,2020-01-21T09:00:05Z,1014,98,0,4733,325878
214,94Mpe_HMSCA,『部下のミスをなかったことにしてくれる上司な奴』ジャルジャルのネタのタネ【JARUJARUTOWER】,このチャンネルはジャルジャルの公式チャンネルです！ 日々の活動をドンドンUPしていきます！！ ジャルジャルがネタ帳に書き留めたネタになる...,2020-01-20T09:00:02Z,885,85,0,3950,224389
215,ph9BE3oEapg,『こっそりお坊ちゃんをビンタする執事な奴』ジャルジャルのネタのタネ【JARUJARUTOWER】,このチャンネルはジャルジャルの公式チャンネルです！ 日々の活動をドンドンUPしていきます！！ ジャルジャルがネタ帳に書き留めたネタになる...,2020-01-19T09:00:16Z,996,204,0,8692,585647
216,XOhvSEa4sCg,『なんか変な中継する奴』ジャルジャルのネタのタネ【JARUJARUTOWER】,このチャンネルはジャルジャルの公式チャンネルです！ 日々の活動をドンドンUPしていきます！！ ジャルジャルがネタ帳に書き留めたネタになる...,2020-01-18T09:00:15Z,430,29,0,1493,82269
217,ZMwXlWs2pOA,『決め台詞がめっちゃ多い探偵な奴』ジャルジャルのネタのタネ【JARUJARUTOWER】,このチャンネルはジャルジャルの公式チャンネルです！ 日々の活動をドンドンUPしていきます！！ ジャルジャルがネタ帳に書き留めたネタになる...,2020-01-17T09:00:10Z,620,95,0,4403,328581
218,feXpD-DpnC4,『珍しい名前の友達多い奴』ジャルジャルのネタのタネ【JARUJARUTOWER】,このチャンネルはジャルジャルの公式チャンネルです！ 日々の活動をドンドンUPしていきます！！ ジャルジャルがネタ帳に書き留めたネタになる...,2020-01-16T09:00:07Z,1268,250,0,8600,828193
219,smnBTPE4WwQ,『インフルエンザワクチンを打つ南っていう奴』ジャルジャルのネタのタネ【JARUJARUTOWER】,このチャンネルはジャルジャルの公式チャンネルです！ 日々の活動をドンドンUPしていきます！！ ジャルジャルがネタ帳に書き留めたネタになる...,2020-01-14T09:00:07Z,851,91,0,4851,251289
220,lvGyUNS5yes,『アホ太郎と関東出身のツッコミ下手な奴』ジャルジャルのネタのタネ【JARUJARUTOWER】,このチャンネルはジャルジャルの公式チャンネルです！ 日々の活動をドンドンUPしていきます！！ ジャルジャルがネタ帳に書き留めたネタになる...,2020-01-13T09:00:08Z,1378,80,0,4005,185388
221,YUToMsgx8N0,『楽屋クソ残しな奴』ジャルジャルのネタのタネ【JARUJARUTOWER】,このチャンネルはジャルジャルの公式チャンネルです！ 日々の活動をドンドンUPしていきます！！ ジャルジャルがネタ帳に書き留めたネタになる...,2020-01-12T09:00:06Z,398,35,0,1780,96617
222,IARYU4QeaSA,『伝統途切れる瞬間を味わう奴』ジャルジャルのネタのタネ【JARUJARUTOWER】,このチャンネルはジャルジャルの公式チャンネルです！ 日々の活動をドンドンUPしていきます！！ ジャルジャルがネタ帳に書き留めたネタになる...,2020-01-11T09:00:02Z,726,84,0,3046,209489
223,iSLO5rSmH1g,『アフリカの奥地から来た奴』ジャルジャルのネタのタネ【JARUJARUTOWER】,このチャンネルはジャルジャルの公式チャンネルです！ 日々の活動をドンドンUPしていきます！！ ジャルジャルがネタ帳に書き留めたネタになる...,2020-01-10T09:00:15Z,553,41,0,1784,88775
224,BwxmRJZYk9Q,『ツッコミが１個多い奴』ジャルジャルのネタのタネ【JARUJARUTOWER】,このチャンネルはジャルジャルの公式チャンネルです！ 日々の活動をドンドンUPしていきます！！ ジャルジャルがネタ帳に書き留めたネタになる...,2020-01-08T09:00:03Z,1222,243,0,4964,612163
225,n1uqOm-l7mU,『ハーモニカ教室通う関東出身のツッコミ下手な奴』ジャルジャルのネタのタネ【JARUJARUTOWER】,このチャンネルはジャルジャルの公式チャンネルです！ 日々の活動をドンドンUPしていきます！！ ジャルジャルがネタ帳に書き留めたネタになる...,2020-01-06T09:00:07Z,1075,72,0,3359,151558
226,M4x8CdZMBZs,『初めてタクシー乗る南っていう奴』ジャルジャルのネタのタネ【JARUJARUTOWER】,このチャンネルはジャルジャルの公式チャンネルです！ 日々の活動をドンドンUPしていきます！！ ジャルジャルがネタ帳に書き留めたネタになる...,2020-01-05T09:00:04Z,970,127,0,4766,296755
227,bc-r0fcynd8,『ツッコミにカチンとくる奴』ジャルジャルのネタのタネ【JARUJARUTOWER】,このチャンネルはジャルジャルの公式チャンネルです！ 日々の活動をドンドンUPしていきます！！ ジャルジャルがネタ帳に書き留めたネタになる...,2020-01-04T09:00:07Z,641,79,0,2668,239878
228,4Bw6G-SGFQY,『念願の自分のバーに変な常連客ついた奴』ジャルジャルのネタのタネ【JARUJARUTOWER】,このチャンネルはジャルジャルの公式チャンネルです！ 日々の活動をドンドンUPしていきます！！ ジャルジャルがネタ帳に書き留めたネタになる...,2020-01-02T09:00:01Z,985,291,0,6557,613803
229,F1ppfC4K8fk,『体操走りな奴』ジャルジャルのネタのタネ【JARUJARUTOWER】,このチャンネルはジャルジャルの公式チャンネルです！ 日々の活動をドンドンUPしていきます！！ ジャルジャルがネタ帳に書き留めたネタになる...,2020-01-01T14:49:46Z,1097,42,0,4936,194815
230,Cz5mJT5mek8,『元旦に出会った涙腺コルクとチャラ男番長っていう奴』ジャルジャルのネタのタネ【JARUJARUTOWER】,このチャンネルはジャルジャルの公式チャンネルです！ 日々の活動をドンドンUPしていきます！！ ジャルジャルがネタ帳に書き留めたネタになる...,2020-01-01T09:00:00Z,2545,2523,0,10093,282065
231,qmPs0N8dVvc,『大晦日に出会ったハズレの先生と南っていう奴』ジャルジャルのネタのタネ【JARUJARUTOWER】,このチャンネルはジャルジャルの公式チャンネルです！ 日々の活動をドンドンUPしていきます！！ ジャルジャルがネタ帳に書き留めたネタになる...,2019-12-31T09:00:10Z,2714,215,0,16806,808391
232,LtF8oToLvRw,『塾の先生のくせにヤバい奴』ジャルジャルのネタのタネ【JARUJARUTOWER】,このチャンネルはジャルジャルの公式チャンネルです！ 日々の活動をドンドンUPしていきます！！ ジャルジャルがネタ帳に書き留めたネタになる...,2019-12-30T09:00:04Z,862,93,0,4473,306284
233,Iisrmz-6nK4,『森田てんぎって奴』ジャルジャルのネタのタネ【JARUJARUTOWER】,このチャンネルはジャルジャルの公式チャンネルです！ 日々の活動をドンドンUPしていきます！！ ジャルジャルがネタ帳に書き留めたネタになる...,2019-12-29T09:00:03Z,603,56,0,2469,181615
234,YiIetI4jzsk,『ギャグ魔神に「サブい」って言うサンタクロースな奴』ジャルジャルのネタのタネ【JARUJARUTOWER】,このチャンネルはジャルジャルの公式チャンネルです！ 日々の活動をドンドンUPしていきます！！ ジャルジャルがネタ帳に書き留めたネタになる...,2019-12-24T09:00:06Z,1275,88,0,4645,221814
235,l7Q24JvqwxE,『 対応力ない奴』ジャルジャルのネタのタネ【JARUJARUTOWER】,このチャンネルはジャルジャルの公式チャンネルです！ 日々の活動をドンドンUPしていきます！！ ジャルジャルがネタ帳に書き留めたネタになる...,2019-12-21T09:00:14Z,505,54,0,2473,187808
236,Ft7uhbJSZ2M,『ショートコントの終わるタイミング悪い奴』ジャルジャルのネタのタネ【JARUJARUTOWER】,このチャンネルはジャルジャルの公式チャンネルです！ 日々の活動をドンドンUPしていきます！！ ジャルジャルがネタ帳に書き留めたネタになる...,2019-12-20T09:00:03Z,1068,94,0,5482,269542
237,gdNkCGtEk1k,『相方が作ったネタ理解できへん奴』ジャルジャルのネタのタネ【JARUJARUTOWER】,このチャンネルはジャルジャルの公式チャンネルです！ 日々の活動をドンドンUPしていきます！！ ジャルジャルがネタ帳に書き留めたネタになる...,2019-12-18T09:00:07Z,729,56,0,2791,183496
238,ABSbcFU-k_I,『タートルネックアナウンサーとタートルネックゴルファーな奴』ジャルジャルのネタのタネ【JARUJARUTOWER】,このチャンネルはジャルジャルの公式チャンネルです！ 日々の活動をドンドンUPしていきます！！ ジャルジャルがネタ帳に書き留めたネタになる...,2019-12-16T09:00:00Z,541,24,0,1584,85941
239,Z6WDr0GQZ_k,『屁の振動で文字書く奴』ジャルジャルのネタのタネ【JARUJARUTOWER】,このチャンネルはジャルジャルの公式チャンネルです！ 日々の活動をドンドンUPしていきます！！ ジャルジャルがネタ帳に書き留めたネタになる...,2019-12-06T09:00:07Z,969,54,0,3309,147809
240,1iTijroi26E,『「そりゃそうや」しか言わん奴』ジャルジャルのネタのタネ【JARUJARUTOWER】,このチャンネルはジャルジャルの公式チャンネルです！ 日々の活動をドンドンUPしていきます！！ ジャルジャルがネタ帳に書き留めたネタになる...,2019-12-05T09:00:01Z,968,56,0,2729,133470
241,kPep5t5s7w4,ジャルジャルタワー２億回再生突破！記念ライブ,音声に不備があった部分を修正致しました。 このチャンネルはジャルジャルの公式チャンネルです！ 日々の活動をドンドンUPしていきます！...,2019-12-04T11:00:07Z,388,181,0,2894,478855
242,vc3UnM8n5AQ,『珍しい形で会社乗っ取る奴』ジャルジャルのネタのタネ【JARUJARUTOWER】,このチャンネルはジャルジャルの公式チャンネルです！ 日々の活動をドンドンUPしていきます！！ ジャルジャルがネタ帳に書き留めたネタになる...,2019-12-04T09:00:14Z,830,336,0,7801,795380
243,TJNiKDDa_bA,ジャルジャル、スーツを新調する！#1,このチャンネルはジャルジャルの公式チャンネルです！ 日々の活動をドンドンUPしていきます！！ ジャルジャルがネタ帳に書き留めたネタになる...,2019-12-03T09:00:04Z,441,21,0,1029,67087
244,LD_pdXtZiBc,『オレオレ詐欺の電話かかってくる南って奴』ジャルジャルのネタのタネ【JARUJARUTOWER】,このチャンネルはジャルジャルの公式チャンネルです！ 日々の活動をドンドンUPしていきます！！ ジャルジャルがネタ帳に書き留めたネタになる...,2019-12-03T09:00:03Z,864,129,0,5840,424283
245,otxv_aUBqME,コメント読む奴〜10月編〜,このチャンネルはジャルジャルの公式チャンネルです！ コメントを読む奴は今後、毎月発表して行きます！ 更新は撮影の関係で固定の曜日ではあ...,2019-12-03T09:00:07Z,595,15,0,1761,71951
246,Ubm5YznzSDE,『「日本人かーい！」って言う奴』ジャルジャルのネタのタネ【JARUJARUTOWER】,このチャンネルはジャルジャルの公式チャンネルです！ 日々の活動をドンドンUPしていきます！！ ジャルジャルがネタ帳に書き留めたネタになる...,2019-12-02T09:00:06Z,1091,104,0,3743,219411
247,dJDiLBBZq74,『主役とちょい役の奴』ジャルジャルのネタのタネ【JARUJARUTOWER】,このチャンネルはジャルジャルの公式チャンネルです！ 日々の活動をドンドンUPしていきます！！ ジャルジャルがネタ帳に書き留めたネタになる...,2019-12-01T09:00:08Z,651,49,0,2779,174698
248,uwJ333RzaDs,『一人言で銀行強盗説得する奴』ジャルジャルのネタのタネ【JARUJARUTOWER】,このチャンネルはジャルジャルの公式チャンネルです！ 日々の活動をドンドンUPしていきます！！ ジャルジャルがネタ帳に書き留めたネタになる...,2019-11-30T09:00:13Z,1563,839,0,19810,1532945
249,A5lS2PzS6EA,『足つぼマッサージする南って奴』ジャルジャルのネタのタネ【JARUJARUTOWER】,このチャンネルはジャルジャルの公式チャンネルです！ 日々の活動をドンドンUPしていきます！！ ジャルジャルがネタ帳に書き留めたネタになる...,2019-11-28T09:00:03Z,773,54,0,3075,180708
250,4VzTfKGNy5Y,『服屋でバーベキューした奴』ジャルジャルのネタのタネ【JARUJARUTOWER】,このチャンネルはジャルジャルの公式チャンネルです！ 日々の活動をドンドンUPしていきます！！ ジャルジャルがネタ帳に書き留めたネタになる...,2019-11-27T09:00:00Z,835,110,0,4740,355397
251,BK_Wxh2uknA,『ボディービルダーおちょくる会社を立ち上げたい奴』ジャルジャルのネタのタネ【JARUJARUTOWER】,このチャンネルはジャルジャルの公式チャンネルです！ 日々の活動をドンドンUPしていきます！！ ジャルジャルがネタ帳に書き留めたネタになる...,2019-11-23T09:00:01Z,975,132,0,4488,337856
252,TOk1evi1sdE,『昔、そいつにシバかれた奴』ジャルジャルのネタのタネ【JARUJARUTOWER】,このチャンネルはジャルジャルの公式チャンネルです！ 日々の活動をドンドンUPしていきます！！ ジャルジャルがネタ帳に書き留めたネタになる...,2019-11-21T09:00:06Z,1733,600,0,17406,1810676
253,8g6jHU_ZmiI,『強豪サッカー部の新任コーチな奴』ジャルジャルのネタのタネ【JARUJARUTOWER】,このチャンネルはジャルジャルの公式チャンネルです！ 日々の活動をドンドンUPしていきます！！ ジャルジャルがネタ帳に書き留めたネタになる...,2019-11-18T09:00:01Z,1062,276,0,8122,964346
254,JI62RveJ0f4,『笑ってる客に「セコい」って言う漫才師な奴』ジャルジャルのネタのタネ【JARUJARUTOWER】,このチャンネルはジャルジャルの公式チャンネルです！ 日々の活動をドンドンUPしていきます！！ ジャルジャルがネタ帳に書き留めたネタになる...,2019-11-17T09:00:05Z,549,48,0,2180,160406
255,DaWxvn1-gec,『街で声かけて一人芝居見せる奴』ジャルジャルのネタのタネ【JARUJARUTOWER】,このチャンネルはジャルジャルの公式チャンネルです！ 日々の活動をドンドンUPしていきます！！ ジャルジャルがネタ帳に書き留めたネタになる...,2019-11-16T09:00:06Z,628,44,0,1998,148620
256,RmFth0Uaqu0,『本名、ふざけてると思われる奴』ジャルジャルのネタのタネ【JARUJARUTOWER】,このチャンネルはジャルジャルの公式チャンネルです！ 日々の活動をドンドンUPしていきます！！ ジャルジャルがネタ帳に書き留めたネタになる...,2019-11-15T09:00:09Z,630,92,0,3823,293373
257,BuMQTtxY0RM,『スカウトされて大学と就職先をやめる奴』ジャルジャルのネタのタネ【JARUJARUTOWER】,このチャンネルはジャルジャルの公式チャンネルです！ 日々の活動をドンドンUPしていきます！！ ジャルジャルがネタ帳に書き留めたネタになる...,2019-11-13T09:00:02Z,608,100,0,4496,407147
258,rHgFJ77LPRU,『主婦ボクサーに密着する奴』ジャルジャルのネタのタネ【JARUJARUTOWER】,このチャンネルはジャルジャルの公式チャンネルです！ 日々の活動をドンドンUPしていきます！！ ジャルジャルがネタ帳に書き留めたネタになる...,2019-11-12T09:00:10Z,713,89,0,1567,101086
259,DbLOlBRaQ2s,『ヤバい店員にヤバい客にされた奴』ジャルジャルのネタのタネ【JARUJARUTOWER】,このチャンネルはジャルジャルの公式チャンネルです！ 日々の活動をドンドンUPしていきます！！ ジャルジャルがネタ帳に書き留めたネタになる...,2019-11-08T09:00:04Z,730,143,0,4585,312588
260,KYJzoiZcZfg,『これ見て時間無駄にする奴』ジャルジャルのネタのタネ【JARUJARUTOWER】,このチャンネルはジャルジャルの公式チャンネルです！ 日々の活動をドンドンUPしていきます！！ ジャルジャルがネタ帳に書き留めたネタになる...,2019-11-06T09:00:03Z,1140,163,0,2372,81849
261,caVc3wn4ar8,『ボーリングでボコりたい奴』ジャルジャルのネタのタネ【JARUJARUTOWER】,このチャンネルはジャルジャルの公式チャンネルです！ 日々の活動をドンドンUPしていきます！！ ジャルジャルがネタ帳に書き留めたネタになる...,2019-11-05T09:00:08Z,664,79,0,3137,267667
262,tCgypBnEFfQ,『減量中のボクサーとコンビ組んでる奴』ジャルジャルのネタのタネ【JARUJARUTOWER】,このチャンネルはジャルジャルの公式チャンネルです！ 日々の活動をドンドンUPしていきます！！ ジャルジャルがネタ帳に書き留めたネタになる...,2019-11-04T09:00:08Z,1044,110,0,3434,275893
263,3eFpgV-hBK4,『南っていう奴〜お父さん〜』ジャルジャルのネタのタネ【JARUJARUTOWER】,このチャンネルはジャルジャルの公式チャンネルです！ 日々の活動をドンドンUPしていきます！！ ジャルジャルがネタ帳に書き留めたネタになる...,2019-11-02T09:00:00Z,966,54,0,5809,271595
264,drPQHCoWLVk,『ギャグの練習したのに本番フラない奴』ジャルジャルのネタのタネ【JARUJARUTOWER】,このチャンネルはジャルジャルの公式チャンネルです！ 日々の活動をドンドンUPしていきます！！ ジャルジャルがネタ帳に書き留めたネタになる...,2019-11-01T09:00:12Z,561,62,0,2055,194288
265,SGWz_g7MMh4,『ギャグ魔神に「サブい」っていうバイト先の奴』ジャルジャルのネタのタネ【JARUJARUTOWER】,このチャンネルはジャルジャルの公式チャンネルです！ 日々の活動をドンドンUPしていきます！！ ジャルジャルがネタ帳に書き留めたネタになる...,2019-10-30T09:00:03Z,1165,99,0,4841,349948
266,PAFjSe6hpKo,『教習所に通う関東出身のツッコミ下手な奴』ジャルジャルのネタのタネ【JARUJARUTOWER】,このチャンネルはジャルジャルの公式チャンネルです！ 日々の活動をドンドンUPしていきます！！ ジャルジャルがネタ帳に書き留めたネタになる...,2019-10-28T09:00:02Z,2143,568,0,8442,627699
267,UV8sD7_7Q_Q,『有名人もじった名前やのに似てない奴』ジャルジャルのネタのタネ【JARUJARUTOWER】,このチャンネルはジャルジャルの公式チャンネルです！ 日々の活動をドンドンUPしていきます！！ ジャルジャルがネタ帳に書き留めたネタになる...,2019-10-27T09:00:03Z,489,35,0,1673,107234
268,yjoP2gAvyeY,『上司の短髪イジり過ぎてクビなる奴』ジャルジャルのネタのタネ【JARUJARUTOWER】,このチャンネルはジャルジャルの公式チャンネルです！ 日々の活動をドンドンUPしていきます！！ ジャルジャルがネタ帳に書き留めたネタになる...,2019-10-22T09:00:09Z,1093,166,0,7230,614564
269,MnIFvR5Dz80,『短髪にした女な奴』ジャルジャルのネタのタネ【JARUJARUTOWER】,このチャンネルはジャルジャルの公式チャンネルです！ 日々の活動をドンドンUPしていきます！！ ジャルジャルがネタ帳に書き留めたネタになる...,2019-10-21T09:00:08Z,1191,71,0,4514,315459
270,cHW3-Hyz5Lw,『アホ太郎っていう奴』ジャルジャルのネタのタネ【JARUJARUTOWER】,このチャンネルはジャルジャルの公式チャンネルです！ 日々の活動をドンドンUPしていきます！！ ジャルジャルがネタ帳に書き留めたネタになる...,2019-10-16T09:00:08Z,1151,113,0,6041,364436
271,atAm-WzsNQA,『怖すぎる劇団員な奴』ジャルジャルのネタのタネ【JARUJARUTOWER】,このチャンネルはジャルジャルの公式チャンネルです！ 日々の活動をドンドンUPしていきます！！ ジャルジャルがネタ帳に書き留めたネタになる...,2019-10-13T09:00:00Z,653,82,0,3556,252773
272,beN_UP5UPxc,『「しばくぞ」が口癖な奴』ジャルジャルのネタのタネ【JARUJARUTOWER】,このチャンネルはジャルジャルの公式チャンネルです！ 日々の活動をドンドンUPしていきます！！ ジャルジャルがネタ帳に書き留めたネタになる...,2019-10-12T09:00:04Z,1152,106,0,4382,328288
273,jFkIxjMvsX0,本気ネタ！『あんまりよくない歌、作る奴』【JARUJARUTOWER】,このチャンネルはジャルジャルの公式チャンネルです！ 日々の活動をドンドンUPしていきます！！ ジャルジャルがネタ帳に書き留めたネタになる...,2019-10-11T09:00:05Z,1402,193,0,7920,781045
274,rz8WAqtUHbo,『かつあげされる奴』ジャルジャルのネタのタネ【JARUJARUTOWER】,このチャンネルはジャルジャルの公式チャンネルです！ 日々の活動をドンドンUPしていきます！！ ジャルジャルがネタ帳に書き留めたネタになる...,2019-10-11T09:00:10Z,633,246,0,4111,515468
275,r24xLLbrMaM,本気ネタ！『師匠にぶりっ子する奴』【JARUJARUTOWER】,このチャンネルはジャルジャルの公式チャンネルです！ 日々の活動をドンドンUPしていきます！！ ジャルジャルがネタ帳に書き留めたネタになる...,2019-10-11T09:00:12Z,972,121,0,7200,444897
276,b1Yu2YzzYxo,本気ネタ！『おもしろそうなアニメの声聞こえてくる奴』【JARUJARUTOWER】,このチャンネルはジャルジャルの公式チャンネルです！ 日々の活動をドンドンUPしていきます！！ ジャルジャルがネタ帳に書き留めたネタになる...,2019-10-11T09:00:03Z,870,185,0,8188,594074
277,8RjYNCHZR0U,『最高ランクな先生な奴』ジャルジャルのネタのタネ【JARUJARUTOWER】,このチャンネルはジャルジャルの公式チャンネルです！ 日々の活動をドンドンUPしていきます！！ ジャルジャルがネタ帳に書き留めたネタになる...,2019-10-09T09:00:01Z,1213,199,0,10947,770571
278,YyAVuRvATko,『最低ランクな先生な奴』ジャルジャルのネタのタネ【JARUJARUTOWER】,このチャンネルはジャルジャルの公式チャンネルです！ 日々の活動をドンドンUPしていきます！！ ジャルジャルがネタ帳に書き留めたネタになる...,2019-10-08T09:00:06Z,991,102,0,4845,391944
279,kAAmByKZXqg,『ハーモニカ教室通う南って奴』ジャルジャルのネタのタネ【JARUJARUTOWER】,このチャンネルはジャルジャルの公式チャンネルです！ 日々の活動をドンドンUPしていきます！！ ジャルジャルがネタ帳に書き留めたネタになる...,2019-10-06T09:00:08Z,1168,74,0,6430,299149
280,3QzMNEKO_xs,『ハズレの先生に家庭訪問される奴』ジャルジャルのネタのタネ【JARUJARUTOWER】,このチャンネルはジャルジャルの公式チャンネルです！ 日々の活動をドンドンUPしていきます！！ ジャルジャルがネタ帳に書き留めたネタになる...,2019-10-03T09:00:00Z,3928,581,0,20748,1500291
281,T2SUJ7kcwOE,『楽器忘れたんバレた奴』ジャルジャルのネタのタネ【JARUJARUTOWER】,このチャンネルはジャルジャルの公式チャンネルです！ 日々の活動をドンドンUPしていきます！！ ジャルジャルがネタ帳に書き留めたネタになる...,2019-09-28T09:00:06Z,638,74,0,5095,320939
282,--KcnBOTY6k,2億回記念！本気ネタ！『スタンガン、効かん奴』【JARUJARUTOWER】,ジャルジャルが毎日１本ネタを無料配信するYoutube公式チャンネル「JARU JARU TOWER」で配信している動画の合計再生回数が2億回を突破しました。...,2019-09-27T09:00:00Z,1306,421,0,16135,1665285
283,BBaDZfDQlHI,2億回記念！本気ネタ！『黙って相手に言わす奴』【JARUJARUTOWER】,ジャルジャルが毎日１本ネタを無料配信するYoutube公式チャンネル「JARU JARU TOWER」で配信している動画の合計再生回数が2億回を突破しました。...,2019-09-27T09:00:01Z,726,172,0,7453,792260
284,VvXYtEq4E8c,2億回記念！本気ネタ！『カバはカバと思っている奴』【JARUJARUTOWER】,ジャルジャルが毎日１本ネタを無料配信するYoutube公式チャンネル「JARU JARU TOWER」で配信している動画の合計再生回数が2億回を突破しました。...,2019-09-27T09:00:04Z,822,211,0,10270,714805
285,YxqWaKFX-IE,2億回記念！本気ネタ！『退場になってダダこねまくる奴』【JARUJARUTOWER】,ジャルジャルが毎日１本ネタを無料配信するYoutube公式チャンネル「JARU JARU TOWER」で配信している動画の合計再生回数が2億回を突破しました。...,2019-09-27T09:00:10Z,1060,457,0,13727,1330905
286,K2FAlsc90-A,2億回記念！本気ネタ！『高校生を子供扱いする奴』【JARUJARUTOWER】,ジャルジャルが毎日１本ネタを無料配信するYoutube公式チャンネル「JARU JARU TOWER」で配信している動画の合計再生回数が2億回を突破しました。...,2019-09-27T09:00:03Z,824,169,0,10705,705797
287,LG2A51QJhd4,2億回記念！本気ネタ！『お尻ケガした奴』【JARUJARUTOWER】,ジャルジャルが毎日１本ネタを無料配信するYoutube公式チャンネル「JARU JARU TOWER」で配信している動画の合計再生回数が2億回を突破しました。...,2019-09-27T09:00:03Z,586,205,0,8975,821060
288,MZGyFTDb-pc,2億回記念！本気ネタ！『先生のくせに、なんか変な奴』【JARUJARUTOWER】,ジャルジャルが毎日１本ネタを無料配信するYoutube公式チャンネル「JARU JARU TOWER」で配信している動画の合計再生回数が2億回を突破しました。...,2019-09-27T09:00:04Z,575,131,0,5305,477443
289,GW30zOaqQiI,2億回記念！本気ネタ！『ノリツッコミ長い奴』【JARUJARUTOWER】,ジャルジャルが毎日１本ネタを無料配信するYoutube公式チャンネル「JARU JARU TOWER」で配信している動画の合計再生回数が2億回を突破しました。...,2019-09-27T09:00:02Z,1131,488,0,15590,1769337
290,O3HkWv3U7qU,2億回記念！本気ネタ！『尻にペットボトル入れるのバレる奴』【JARUJARUTOWER】,ジャルジャルが毎日１本ネタを無料配信するYoutube公式チャンネル「JARU JARU TOWER」で配信している動画の合計再生回数が2億回を突破しました。...,2019-09-27T09:00:02Z,338,62,0,3217,259803
291,1iKQMZfGEAs,2億回記念！本気ネタ！『ピアニストとコラボする奴』【JARUJARUTOWER】,ジャルジャルが毎日１本ネタを無料配信するYoutube公式チャンネル「JARU JARU TOWER」で配信している動画の合計再生回数が2億回を突破しました。...,2019-09-27T09:00:02Z,469,48,0,2639,121726
292,-wf94CUDDPg,2億回記念！本気ネタ！『変わってる奴』【JARUJARUTOWER】,ジャルジャルが毎日１本ネタを無料配信するYoutube公式チャンネル「JARU JARU TOWER」で配信している動画の合計再生回数が2億回を突破しました。...,2019-09-27T09:00:00Z,774,144,0,10523,586828
293,76pwJaymvf0,2億回記念！本気ネタ！『笛が落ちずにすんだ奴』【JARUJARUTOWER】,このチャンネルはジャルジャルの公式チャンネルです！ 日々の活動をドンドンUPしていきます！！ ジャルジャルがネタ帳に書き留めたネタになる...,2019-09-27T09:00:01Z,454,23,0,6179,188611
294,FEMk0JbFEXY,2億回記念！本気ネタ！『しょーもないことでもめる奴』【JARUJARUTOWER】,ジャルジャルが毎日１本ネタを無料配信するYoutube公式チャンネル「JARU JARU TOWER」で配信している動画の合計再生回数が2億回を突破しました。...,2019-09-27T09:00:02Z,471,64,0,4071,314459
295,HKbXmSDYVzg,2億回記念！本気ネタ！『言い回しが珍しい奴』【JARUJARUTOWER】,ジャルジャルが毎日１本ネタを無料配信するYoutube公式チャンネル「JARU JARU TOWER」で配信している動画の合計再生回数が2億回を突破しました。...,2019-09-27T09:00:02Z,388,137,0,6081,509871
296,1VXcAPbPDiM,2億回記念！本気ネタ！『知らんOBの挨拶ダルイ奴』【JARUJARUTOWER】,ジャルジャルが毎日１本ネタを無料配信するYoutube公式チャンネル「JARU JARU TOWER」で配信している動画の合計再生回数が2億回を突破しました。...,2019-09-27T09:00:00Z,533,139,0,9141,572308
297,nb19pgB_mC4,2億回記念！本気ネタ！『デビュー曲のタイトル勝手に決める奴』【JARUJARUTOWER】,ジャルジャルが毎日１本ネタを無料配信するYoutube公式チャンネル「JARU JARU TOWER」で配信している動画の合計再生回数が2億回を突破しました。...,2019-09-27T09:00:09Z,437,122,0,4523,583293
298,3gClxCwNUjw,2億回記念！本気ネタ！『頭おかしい奴』【JARUJARUTOWER】,ジャルジャルが毎日１本ネタを無料配信するYoutube公式チャンネル「JARU JARU TOWER」で配信している動画の合計再生回数が2億回を突破しました。...,2019-09-27T09:00:00Z,1061,223,0,11354,919100
299,JCWTU6hfH9w,2億回記念！本気ネタ！『何回も確認する奴』【JARUJARUTOWER】,ジャルジャルが毎日１本ネタを無料配信するYoutube公式チャンネル「JARU JARU TOWER」で配信している動画の合計再生回数が2億回を突破しました。...,2019-09-27T09:00:05Z,523,185,0,7506,754478
300,2fuKvKLPIDk,2億回記念！本気ネタ！『人質チョイスミスった奴』【JARUJARUTOWER】,ジャルジャルが毎日１本ネタを無料配信するYoutube公式チャンネル「JARU JARU TOWER」で配信している動画の合計再生回数が2億回を突破しました。...,2019-09-27T09:00:00Z,2355,1813,0,66327,4522498
301,_YR-a_uTEPo,2億回記念！本気ネタ！『何回も生き返らされる奴』【JARUJARUTOWER】,ジャルジャルが毎日１本ネタを無料配信するYoutube公式チャンネル「JARU JARU TOWER」で配信している動画の合計再生回数が2億回を突破しました。...,2019-09-27T09:00:10Z,1048,635,0,17879,1841737
302,RPXFYBRJVMw,『独裁者の卵な奴』ジャルジャルのネタのタネ【JARUJARUTOWER】,このチャンネルはジャルジャルの公式チャンネルです！ 日々の活動をドンドンUPしていきます！！ ジャルジャルがネタ帳に書き留めたネタになる...,2019-09-25T09:00:07Z,1992,537,0,21845,1891980
303,uT0fVxDwTS8,『一瞬変なこと言った医者な奴』ジャルジャルのネタのタネ【JARUJARUTOWER】,このチャンネルはジャルジャルの公式チャンネルです！ 日々の活動をドンドンUPしていきます！！ ジャルジャルがネタ帳に書き留めたネタになる...,2019-09-24T09:00:13Z,773,131,0,6671,410608
304,EyGMilxXmOA,『キングオブコント決勝でやったネタ「空き巣」をする奴』ジャルジャルのネタのタネ【JARUJARUTOWER】,このチャンネルはジャルジャルの公式チャンネルです！ 日々の活動をドンドンUPしていきます！！ ジャルジャルがネタ帳に書き留めたネタになる...,2019-09-21T13:15:01Z,1938,294,0,11986,1132814
305,57FeWkbkkDs,『ウケ過ぎてテンション下がる奴』ジャルジャルのネタのタネ【JARUJARUTOWER】,このチャンネルはジャルジャルの公式チャンネルです！ 日々の活動をドンドンUPしていきます！！ ジャルジャルがネタ帳に書き留めたネタになる...,2019-09-21T09:00:01Z,1436,62,0,3666,253885
306,fPPoUnqrV9k,『路上でやるには向いてない漫才する奴』ジャルジャルのネタのタネ【JARUJARUTOWER】,このチャンネルはジャルジャルの公式チャンネルです！ 日々の活動をドンドンUPしていきます！！ ジャルジャルがネタ帳に書き留めたネタになる...,2019-09-20T09:00:11Z,810,76,0,3511,245037
307,8oY3kmyNjQ4,『転校初日に熟睡する奴』ジャルジャルのネタのタネ【JARUJARUTOWER】,このチャンネルはジャルジャルの公式チャンネルです！ 日々の活動をドンドンUPしていきます！！ ジャルジャルがネタ帳に書き留めたネタになる...,2019-09-19T09:00:00Z,1076,113,0,5706,373733
308,i_XpwEohjng,『焦らんタイプの奴』ジャルジャルのネタのタネ【JARUJARUTOWER】,このチャンネルはジャルジャルの公式チャンネルです！ 日々の活動をドンドンUPしていきます！！ ジャルジャルがネタ帳に書き留めたネタになる...,2019-09-18T09:00:12Z,1076,135,0,7782,540747
309,5avDGZu7FAI,『カラオケ延長するかどうかわからん奴』ジャルジャルのネタのタネ【JARUJARUTOWER】,このチャンネルはジャルジャルの公式チャンネルです！ 日々の活動をドンドンUPしていきます！！ ジャルジャルがネタ帳に書き留めたネタになる...,2019-09-14T09:00:02Z,1128,253,0,4993,438407
310,FGi-PRGC0ZE,『笑うときバシバシ叩く奴』ジャルジャルのネタのタネ【JARUJARUTOWER】,このチャンネルはジャルジャルの公式チャンネルです！ 日々の活動をドンドンUPしていきます！！ ジャルジャルがネタ帳に書き留めたネタになる...,2019-09-12T09:00:03Z,933,60,0,3141,193669
311,XX6EOBjIUXU,『無名のミュージシャンに取材する奴』ジャルジャルのネタのタネ【JARUJARUTOWER】,このチャンネルはジャルジャルの公式チャンネルです！ 日々の活動をドンドンUPしていきます！！ ジャルジャルがネタ帳に書き留めたネタになる...,2019-09-10T09:00:09Z,626,102,0,3383,356017
312,9h9kg62-QMQ,『失礼なこと言われてもグッとこらえる奴』ジャルジャルのネタのタネ【JARUJARUTOWER】,このチャンネルはジャルジャルの公式チャンネルです！ 日々の活動をドンドンUPしていきます！！ ジャルジャルがネタ帳に書き留めたネタになる...,2019-09-09T09:00:00Z,566,71,0,2404,206312
313,eLcLnUAp8bc,『バイト面接を受ける、関東出身のツッコミ下手な人な奴』ジャルジャルのネタのタネ【JARUJARUTOWER】,このチャンネルはジャルジャルの公式チャンネルです！ 日々の活動をドンドンUPしていきます！！ ジャルジャルがネタ帳に書き留めたネタになる...,2019-09-03T09:00:09Z,1853,192,0,7838,506746
314,Lt0n4oIyn24,『昼休みにタトゥー入れた奴』ジャルジャルのネタのタネ【JARUJARUTOWER】,このチャンネルはジャルジャルの公式チャンネルです！ 日々の活動をドンドンUPしていきます！！ ジャルジャルがネタ帳に書き留めたネタになる...,2019-09-02T09:00:10Z,1232,353,0,7325,955325
315,r39HgtdJnfg,『客どかす奴』ジャルジャルのネタのタネ【JARUJARUTOWER】,このチャンネルはジャルジャルの公式チャンネルです！ 日々の活動をドンドンUPしていきます！！ ジャルジャルがネタ帳に書き留めたネタになる...,2019-08-31T09:00:16Z,933,153,0,4022,361324
316,EimMH-Tj5dU,『タトゥーの痛み耐えられへん奴』ジャルジャルのネタのタネ【JARUJARUTOWER】,このチャンネルはジャルジャルの公式チャンネルです！ 日々の活動をドンドンUPしていきます！！ ジャルジャルがネタ帳に書き留めたネタになる...,2019-08-28T09:00:05Z,1162,172,0,6235,628341
317,DsyW7dBpp08,『南っていう奴〜バイトの面接〜』ジャルジャルのネタのタネ【JARUJARUTOWER】,このチャンネルはジャルジャルの公式チャンネルです！ 日々の活動をドンドンUPしていきます！！ ジャルジャルがネタ帳に書き留めたネタになる...,2019-08-27T09:00:02Z,873,110,0,5099,325166
318,UseRaR6gHD8,『写真撮る時、顔にチャラさ出る奴』ジャルジャルのネタのタネ【JARUJARUTOWER】,このチャンネルはジャルジャルの公式チャンネルです！ 日々の活動をドンドンUPしていきます！！ ジャルジャルがネタ帳に書き留めたネタになる...,2019-08-25T09:00:09Z,637,116,0,4369,314074
319,Lrm3j56eJ5I,『ヤツって言う奴』ジャルジャルのネタのタネ【JARUJARUTOWER】,このチャンネルはジャルジャルの公式チャンネルです！ 日々の活動をドンドンUPしていきます！！ ジャルジャルがネタ帳に書き留めたネタになる...,2019-08-24T09:00:05Z,764,98,0,4759,411710
320,krFc0_M4XWY,『言語覚える天才な奴』ジャルジャルのネタのタネ【JARUJARUTOWER】,このチャンネルはジャルジャルの公式チャンネルです！ 日々の活動をドンドンUPしていきます！！ ジャルジャルがネタ帳に書き留めたネタになる...,2019-08-19T09:00:07Z,2536,508,0,18598,1523326
321,e8FK9g08Q08,『男子バレエ部に入った奴』ジャルジャルのネタのタネ【JARUJARUTOWER】,このチャンネルはジャルジャルの公式チャンネルです！ 日々の活動をドンドンUPしていきます！！ ジャルジャルがネタ帳に書き留めたネタになる...,2019-08-17T09:00:05Z,887,52,0,2761,178314
322,ctSJkyyLK50,『入院してる病室教えへん奴』ジャルジャルのネタのタネ【JARUJARUTOWER】,このチャンネルはジャルジャルの公式チャンネルです！ 日々の活動をドンドンUPしていきます！！ ジャルジャルがネタ帳に書き留めたネタになる...,2019-08-16T09:00:15Z,1140,310,0,10602,982535
323,digaQhVm020,『密着ＯＫ、カメラＮＧな奴』ジャルジャルのネタのタネ【JARUJARUTOWER】,このチャンネルはジャルジャルの公式チャンネルです！ 日々の活動をドンドンUPしていきます！！ ジャルジャルがネタ帳に書き留めたネタになる...,2019-08-15T09:00:14Z,686,141,0,4416,429077
324,GeYCfiulktg,『目利き悪い奴』ジャルジャルのネタのタネ【JARUJARUTOWER】,このチャンネルはジャルジャルの公式チャンネルです！ 日々の活動をドンドンUPしていきます！！ ジャルジャルがネタ帳に書き留めたネタになる...,2019-08-14T09:00:05Z,333,57,0,2091,207224
325,8M6JrkLAuoE,『木片でどつく奴』ジャルジャルのネタのタネ【JARUJARUTOWER】,このチャンネルはジャルジャルの公式チャンネルです！ 日々の活動をドンドンUPしていきます！！ ジャルジャルがネタ帳に書き留めたネタになる...,2019-08-13T09:00:00Z,589,48,0,2488,188499
326,CMztIqNLdZs,『地声良いのに歌声普通の奴』ジャルジャルのネタのタネ【JARUJARUTOWER】,このチャンネルはジャルジャルの公式チャンネルです！ 日々の活動をドンドンUPしていきます！！ ジャルジャルがネタ帳に書き留めたネタになる...,2019-08-09T09:00:00Z,1104,325,0,17120,1581297
327,9MjTFALthfU,『空手でスコップ使う奴』ジャルジャルのネタのタネ【JARUJARUTOWER】,このチャンネルはジャルジャルの公式チャンネルです！ 日々の活動をドンドンUPしていきます！！ ジャルジャルがネタ帳に書き留めたネタになる...,2019-08-08T09:00:02Z,726,100,0,3263,347778
328,N5kqPXc2l0o,『南っていう奴〜店予約電話〜』ジャルジャルのネタのタネ【JARUJARUTOWER】,このチャンネルはジャルジャルの公式チャンネルです！ 日々の活動をドンドンUPしていきます！！ ジャルジャルがネタ帳に書き留めたネタになる...,2019-08-05T09:00:02Z,1294,217,0,12393,757363
329,VVna70cuoaM,『１年間けん玉練習するって言って、しなかった奴』ジャルジャルのネタのタネ【JARUJARUTOWER】,このチャンネルはジャルジャルの公式チャンネルです！ 日々の活動をドンドンUPしていきます！！ ジャルジャルがネタ帳に書き留めたネタになる...,2019-07-28T09:00:04Z,1243,220,0,6846,690178
330,gvJtxDTnPLQ,『話し合い進まない奴』ジャルジャルのネタのタネ【JARUJARUTOWER】,このチャンネルはジャルジャルの公式チャンネルです！ 日々の活動をドンドンUPしていきます！！ ジャルジャルがネタ帳に書き留めたネタになる...,2019-07-24T09:00:12Z,651,55,0,2234,157950
331,QhtMB3UDmnc,『「つー！」って言う奴』ジャルジャルのネタのタネ【JARUJARUTOWER】,このチャンネルはジャルジャルの公式チャンネルです！ 日々の活動をドンドンUPしていきます！！ ジャルジャルがネタ帳に書き留めたネタになる...,2019-07-23T09:00:02Z,753,60,0,3152,224415
332,KJ5M_bvekHU,『わだかまり感じる奴』ジャルジャルのネタのタネ【JARUJARUTOWER】,このチャンネルはジャルジャルの公式チャンネルです！ 日々の活動をドンドンUPしていきます！！ ジャルジャルがネタ帳に書き留めたネタになる...,2019-07-22T09:00:09Z,575,73,0,2601,302833
333,ViExjY_tWO4,『南っていう奴〜家庭教師〜』ジャルジャルのネタのタネ【JARUJARUTOWER】,このチャンネルはジャルジャルの公式チャンネルです！ 日々の活動をドンドンUPしていきます！！ ジャルジャルがネタ帳に書き留めたネタになる...,2019-07-21T09:00:03Z,790,80,0,5570,317760
334,k4GyvUH1J5g,『お互いにきしょいと思い合ってる奴』ジャルジャルのネタのタネ【JARUJARUTOWER】,このチャンネルはジャルジャルの公式チャンネルです！ 日々の活動をドンドンUPしていきます！！ ジャルジャルがネタ帳に書き留めたネタになる...,2019-07-18T09:00:07Z,2939,529,0,21930,1770713
335,2zvAnCDprZs,『殴られるん下手な奴』ジャルジャルのネタのタネ【JARUJARUTOWER】,このチャンネルはジャルジャルの公式チャンネルです！ 日々の活動をドンドンUPしていきます！！ ジャルジャルがネタ帳に書き留めたネタになる...,2019-07-17T09:00:02Z,511,55,0,3494,204922
336,94jmvfkaYQc,『高学歴やけど不採用なる奴』ジャルジャルのネタのタネ【JARUJARUTOWER】,このチャンネルはジャルジャルの公式チャンネルです！ 日々の活動をドンドンUPしていきます！！ ジャルジャルがネタ帳に書き留めたネタになる...,2019-07-15T09:00:04Z,1078,479,0,8832,1175121
337,YNzjX8eqFEU,『社長なのに平社員顔の奴』ジャルジャルのネタのタネ【JARUJARUTOWER】,このチャンネルはジャルジャルの公式チャンネルです！ 日々の活動をドンドンUPしていきます！！ ジャルジャルがネタ帳に書き留めたネタになる...,2019-07-14T09:00:09Z,810,421,0,10856,1164344
338,b59aeI6c8oI,『珍しい名前のせいで不採用なる奴』ジャルジャルのネタのタネ【JARUJARUTOWER】,このチャンネルはジャルジャルの公式チャンネルです！ 日々の活動をドンドンUPしていきます！！ ジャルジャルがネタ帳に書き留めたネタになる...,2019-07-12T09:00:10Z,1450,386,0,11987,1285884
339,bf_xxwD3pKg,『滑舌良すぎて、話逸れる奴』ジャルジャルのネタのタネ【JARUJARUTOWER】,このチャンネルはジャルジャルの公式チャンネルです！ 日々の活動をドンドンUPしていきます！！ ジャルジャルがネタ帳に書き留めたネタになる...,2019-07-11T09:00:10Z,1256,258,0,7921,598919
340,wrzOwOaDjVY,ジャルジャル１億回再生突破！記念ライブ,このチャンネルはジャルジャルの公式チャンネルです！ 日々の活動をドンドンUPしていきます！！ ジャルジャルがネタ帳に書き留めたネタになる...,2019-07-06T11:44:10Z,338,145,0,4496,337947
341,ohW0Zw6TVSA,『財布拾ってくれた御礼にパソコンあげる奴』ジャルジャルのネタのタネ【JARUJARUTOWER】,このチャンネルはジャルジャルの公式チャンネルです！ 日々の活動をドンドンUPしていきます！！ ジャルジャルがネタ帳に書き留めたネタになる...,2019-07-05T09:00:10Z,1185,132,0,3938,415880
342,u3UwUpBF_As,『牛丼屋でアクエリ頼む奴』ジャルジャルのネタのタネ【JARUJARUTOWER】,このチャンネルはジャルジャルの公式チャンネルです！ 日々の活動をドンドンUPしていきます！！ ジャルジャルがネタ帳に書き留めたネタになる...,2019-07-02T09:00:10Z,1118,295,0,7898,871824
343,MPxG6-mX9J4,『小１から帽子変えてない奴』ジャルジャルのネタのタネ【JARUJARUTOWER】,このチャンネルはジャルジャルの公式チャンネルです！ 日々の活動をドンドンUPしていきます！！ ジャルジャルがネタ帳に書き留めたネタになる...,2019-06-30T09:00:02Z,777,171,0,5996,617539
344,t1UZ9o-OKzw,『くすぐりたい奴とネタ入りたい奴』ジャルジャルのネタのタネ【JARUJARUTOWER】,このチャンネルはジャルジャルの公式チャンネルです！ 日々の活動をドンドンUPしていきます！！ ジャルジャルがネタ帳に書き留めたネタになる...,2019-06-29T09:00:10Z,704,95,0,2547,254818
345,C1k4GRQ96zY,『犬かもしれない奴』ジャルジャルのネタのタネ【JARUJARUTOWER】,このチャンネルはジャルジャルの公式チャンネルです！ 日々の活動をドンドンUPしていきます！！ ジャルジャルがネタ帳に書き留めたネタになる...,2019-06-22T09:00:00Z,596,83,0,3642,227956
346,o5n24MtNFzo,『正直者やけどヤバい奴』ジャルジャルのネタのタネ【JARUJARUTOWER】,このチャンネルはジャルジャルの公式チャンネルです！ 日々の活動をドンドンUPしていきます！！ ジャルジャルがネタ帳に書き留めたネタになる...,2019-06-20T09:00:06Z,642,145,0,5104,551246
347,PIiLsb9a2Ig,『相方を理解できない奴』ジャルジャルのネタのタネ【JARUJARUTOWER】,このチャンネルはジャルジャルの公式チャンネルです！ 日々の活動をドンドンUPしていきます！！ ジャルジャルがネタ帳に書き留めたネタになる...,2019-06-19T09:00:02Z,835,178,0,6356,381960
348,itEIyoheRlg,『南っていう奴〜停電〜』ジャルジャルのネタのタネ【JARUJARUTOWER】,このチャンネルはジャルジャルの公式チャンネルです！ 日々の活動をドンドンUPしていきます！！ ジャルジャルがネタ帳に書き留めたネタになる...,2019-06-17T09:00:08Z,657,76,0,9978,484526
349,1o-JzOauoIY,『死にかけている人に気付かない奴』ジャルジャルのネタのタネ【JARUJARUTOWER】,このチャンネルはジャルジャルの公式チャンネルです！ 日々の活動をドンドンUPしていきます！！ ジャルジャルがネタ帳に書き留めたネタになる...,2019-06-14T09:00:00Z,614,111,0,3952,333645
350,CNv0Eoqb0k0,『隣人うるさい奴』ジャルジャルのネタのタネ【JARUJARUTOWER】,このチャンネルはジャルジャルの公式チャンネルです！ 日々の活動をドンドンUPしていきます！！ ジャルジャルがネタ帳に書き留めたネタになる...,2019-06-09T09:00:00Z,748,164,0,5781,415280
351,-_c0BzA1EJ8,『南っていう奴〜サングラス〜』ジャルジャルのネタのタネ【JARUJARUTOWER】,このチャンネルはジャルジャルの公式チャンネルです！ 日々の活動をドンドンUPしていきます！！ ジャルジャルがネタ帳に書き留めたネタになる...,2019-06-06T09:00:00Z,629,66,0,4667,299779
352,WUI3u9Q6abI,『コントと現実の違い見せる奴』ジャルジャルのネタのタネ【JARUJARUTOWER】,このチャンネルはジャルジャルの公式チャンネルです！ 日々の活動をドンドンUPしていきます！！ ジャルジャルがネタ帳に書き留めたネタになる...,2019-05-26T09:00:06Z,594,111,0,4172,295409
353,alc0s-6I24U,『怒られてるのに殴る奴』ジャルジャルのネタのタネ【JARUJARUTOWER】,このチャンネルはジャルジャルの公式チャンネルです！ 日々の活動をドンドンUPしていきます！！ ジャルジャルがネタ帳に書き留めたネタになる...,2019-05-22T09:00:00Z,884,216,0,7984,653752
354,N0ahGNRkcyk,『「気ぃ失った」って言うてくれる奴』ジャルジャルのネタのタネ【JARUJARUTOWER】,このチャンネルはジャルジャルの公式チャンネルです！ 日々の活動をドンドンUPしていきます！！ ジャルジャルがネタ帳に書き留めたネタになる...,2019-05-20T09:00:00Z,723,86,0,4158,247788
355,PuEwhbEvydY,『必死にネタを思い出す奴』ジャルジャルのネタのタネ【JARUJARUTOWER】,このチャンネルはジャルジャルの公式チャンネルです！ 日々の活動をドンドンUPしていきます！！ ジャルジャルがネタ帳に書き留めたネタになる...,2019-05-18T09:00:03Z,1022,233,0,4712,712228
356,-E-SxHFI1ZM,『ジャンピングビンタする奴』ジャルジャルのネタのタネ【JARUJARUTOWER】,このチャンネルはジャルジャルの公式チャンネルです！ 日々の活動をドンドンUPしていきます！！ ジャルジャルがネタ帳に書き留めたネタになる...,2019-05-17T09:00:00Z,646,127,0,4139,333174
357,yn0kScjpM5M,『漫才中、横柄な奴』ジャルジャルのネタのタネ【JARUJARUTOWER】,このチャンネルはジャルジャルの公式チャンネルです！ 日々の活動をドンドンUPしていきます！！ ジャルジャルがネタ帳に書き留めたネタになる...,2019-05-16T09:00:08Z,527,162,0,4221,493148
358,pjJNQ1tvYLw,『南っていう奴〜しりとり〜』ジャルジャルのネタのタネ【JARUJARUTOWER】,このチャンネルはジャルジャルの公式チャンネルです！ 日々の活動をドンドンUPしていきます！！ ジャルジャルがネタ帳に書き留めたネタになる...,2019-05-14T09:00:06Z,650,210,0,9073,684587
359,yEaigqvyzqA,『祭りしか言わん奴』ジャルジャルのネタのタネ【JARUJARUTOWER】,このチャンネルはジャルジャルの公式チャンネルです！ 日々の活動をドンドンUPしていきます！！ ジャルジャルがネタ帳に書き留めたネタになる...,2019-05-13T09:00:14Z,808,279,0,6822,559137
360,r2AS6A6uqG0,『ボスとジョボっていう奴』ジャルジャルのネタのタネ【JARUJARUTOWER】,このチャンネルはジャルジャルの公式チャンネルです！ 日々の活動をドンドンUPしていきます！！ ジャルジャルがネタ帳に書き留めたネタになる...,2019-05-12T09:00:07Z,455,152,0,4411,311873
361,mlMElwFGx4c,１億回記念！本気ネタ！『南っていう奴②』【JARUJARUTOWER】,ジャルジャルが毎日１本ネタを無料配信するYoutube公式チャンネル「JARU JARU TOWER」で配信している動画の合計再生回数が1億回を突破しました。...,2019-05-12T03:00:03Z,417,106,0,9926,731277
362,s0X3-Hv5GBk,１億回記念！本気ネタ！『服小さい奴』【JARUJARUTOWER】,ジャルジャルが毎日１本ネタを無料配信するYoutube公式チャンネル「JARU JARU TOWER」で配信している動画の合計再生回数が1億回を突破しました。...,2019-05-12T03:00:05Z,201,46,0,4619,369362
363,XC40Vw4quJw,１億回記念！本気ネタ！『フィリピン語で数学数える奴』【JARUJARUTOWER】,ジャルジャルが毎日１本ネタを無料配信するYoutube公式チャンネル「JARU JARU TOWER」で配信している動画の合計再生回数が1億回を突破しました。...,2019-05-12T03:00:02Z,1680,436,0,24691,1576125
364,Dyhe_loo6xc,１億回記念！本気ネタ！『手品成功してガッツポーズしまくる奴』【JARUJARUTOWER】,ジャルジャルが毎日１本ネタを無料配信するYoutube公式チャンネル「JARU JARU TOWER」で配信している動画の合計再生回数が1億回を突破しました。...,2019-05-12T03:00:02Z,494,236,0,9674,986066
365,J0VJe9CifX4,１億回記念！本気ネタ！『腹殴る奴』【JARUJARUTOWER】,ジャルジャルが毎日１本ネタを無料配信するYoutube公式チャンネル「JARU JARU TOWER」で配信している動画の合計再生回数が1億回を突破しました。...,2019-05-12T03:00:00Z,1844,1158,0,16932,1702377
366,V_b9xpHkAQs,１億回記念！本気ネタ！『歌うんハズい奴』【JARUJARUTOWER】,ジャルジャルが毎日１本ネタを無料配信するYoutube公式チャンネル「JARU JARU TOWER」で配信している動画の合計再生回数が1億回を突破しました。...,2019-05-12T03:00:03Z,925,467,0,13034,1602782
367,AOtvUnalVYc,１億回記念！本気ネタ！『ハズレの先生が担任になった奴』【JARUJARUTOWER】,ジャルジャルが毎日１本ネタを無料配信するYoutube公式チャンネル「JARU JARU TOWER」で配信している動画の合計再生回数が1億回を突破しました。...,2019-05-12T03:00:00Z,6525,2718,0,89676,7874220
368,8FMnBXyks-I,１億回記念！本気ネタ！『大尻•凡尻歌う奴』【JARUJARUTOWER】,ジャルジャルが毎日１本ネタを無料配信するYoutube公式チャンネル「JARU JARU TOWER」で配信している動画の合計再生回数が1億回を突破しました。...,2019-05-12T03:00:02Z,416,90,0,5609,416430
369,sue20eNdbvI,１億回記念！本気ネタ！『男子高校生のくせにアイドル目線な歌を作る奴』【JARUJARUTOWER】,ジャルジャルが毎日１本ネタを無料配信するYoutube公式チャンネル「JARU JARU TOWER」で配信している動画の合計再生回数が1億回を突破しました！...,2019-05-12T03:00:02Z,596,182,0,10145,949655
370,3PSPuIO2Yno,１億回記念！本気ネタ！『男なのに女子バレー部の試合呼ばれた奴』【JARUJARUTOWER】,ジャルジャルが毎日１本ネタを無料配信するYoutube公式チャンネル「JARU JARU TOWER」で配信している動画の合計再生回数が1億回を突破しました。...,2019-05-12T03:00:01Z,2289,1798,0,19125,2063000
371,h-6GSPQdnI4,１億回記念！本気ネタ！『江戸っ子探偵練習させられる奴』【JARUJARUTOWER】,ジャルジャルが毎日１本ネタを無料配信するYoutube公式チャンネル「JARU JARU TOWER」で配信している動画の合計再生回数が1億回を突破しました。...,2019-05-12T03:00:04Z,404,106,0,6174,526592
372,C-pWFg-xkgM,１億回記念！本気ネタ！『めっちゃ練習する奴』【JARUJARUTOWER】,ジャルジャルが毎日１本ネタを無料配信するYoutube公式チャンネル「JARU JARU TOWER」で配信している動画の合計再生回数が1億回を突破しました。...,2019-05-12T03:00:02Z,2654,839,0,37012,2716460
373,r1wUKfGtRxU,１億回記念！本気ネタ！『ハゲてもうてる奴』【JARUJARUTOWER】,ジャルジャルが毎日１本ネタを無料配信するYoutube公式チャンネル「JARU JARU TOWER」で配信している動画の合計再生回数が1億回を突破しました。...,2019-05-12T03:00:03Z,712,354,0,12348,1649345
374,yp9wu86XorI,１億回記念！本気ネタ！『何回も部屋入ってくる奴』【JARUJARUTOWER】,ジャルジャルが毎日１本ネタを無料配信するYoutube公式チャンネル「JARU JARU TOWER」で配信している動画の合計再生回数が1億回を突破しました。...,2019-05-12T03:00:04Z,1621,667,0,23268,2029502
375,XqIHqB1ywtY,１億回記念！本気ネタ！『くしゃみとゲップとあくび変な奴』【JARUJARUTOWER】,ジャルジャルが毎日１本ネタを無料配信するYoutube公式チャンネル「JARU JARU TOWER」で配信している動画の合計再生回数が1億回を突破しました。...,2019-05-12T03:00:00Z,2331,574,0,57039,2769747
376,Da5oLapquOI,１億回記念！本気ネタ！『「違いますよ」って言う奴』【JARUJARUTOWER】,ジャルジャルが毎日１本ネタを無料配信するYoutube公式チャンネル「JARU JARU TOWER」で配信している動画の合計再生回数が1億回を突破しました。...,2019-05-12T03:00:01Z,860,595,0,18220,2383874
377,Wp_TIpFbq6M,１億回記念！本気ネタ！『声細い奴と声太い奴』【JARUJARUTOWER】,ジャルジャルが毎日１本ネタを無料配信するYoutube公式チャンネル「JARU JARU TOWER」で配信している動画の合計再生回数が1億回を突破しました。...,2019-05-12T03:00:02Z,754,314,0,25781,1587572
378,n5462bVTJY8,１億回記念！本気ネタ！『怒鳴り返されたん気付かん奴』【JARUJARUTOWER】,ジャルジャルが毎日１本ネタを無料配信するYoutube公式チャンネル「JARU JARU TOWER」で配信している動画の合計再生回数が1億回を突破しました。...,2019-05-12T03:00:07Z,1514,941,0,41616,4057323
379,bOfKhCUXfhE,１億回記念！本気ネタ！『凄いショーする奴』【JARUJARUTOWER】,ジャルジャルが毎日１本ネタを無料配信するYoutube公式チャンネル「JARU JARU TOWER」で配信している動画の合計再生回数が1億回を突破しました。...,2019-05-12T03:00:00Z,1006,129,0,5344,366634
380,_DbW7lxGdIs,１億回記念！本気ネタ！『本番だけ滑舌悪い奴』【JARUJARUTOWER】,ジャルジャルが毎日１本ネタを無料配信するYoutube公式チャンネル「JARU JARU TOWER」で配信している動画の合計再生回数が1億回を突破しました。...,2019-05-12T03:00:03Z,1143,451,0,22404,2235809
381,NE7uHTxUJgM,１億回記念！本気ネタ！『チャラ男番長っていう奴』【JARUJARUTOWER】,ジャルジャルが毎日１本ネタを無料配信するYoutube公式チャンネル「JARU JARU TOWER」で配信している動画の合計再生回数が1億回を突破しました。...,2019-05-12T03:00:00Z,969,16120,0,5187,528806
382,9Fj1hcUf8gE,１億回記念！本気ネタ！『どんどん案、出す奴』【JARUJARUTOWER】,ジャルジャルが毎日１本ネタを無料配信するYoutube公式チャンネル「JARU JARU TOWER」で配信している動画の合計再生回数が1億回を突破しました。...,2019-05-12T03:00:02Z,1385,535,0,20330,2286990
383,Xrilg7Rs_3M,１億回記念！本気ネタ！『ちゃう奴呼んでもた奴』【JARUJARUTOWER】,ジャルジャルが毎日１本ネタを無料配信するYoutube公式チャンネル「JARU JARU TOWER」で配信している動画の合計再生回数が1億回を突破しました。...,2019-05-12T03:00:06Z,425,252,0,8333,1062632
384,lXOeDJR5LJc,１億回記念！本気ネタ！『南っていう奴』【JARUJARUTOWER】,ジャルジャルが毎日１本ネタを無料配信するYoutube公式チャンネル「JARU JARU TOWER」で配信している動画の合計再生回数が1億回を突破しました。...,2019-05-12T03:00:03Z,1544,424,0,36822,2314272
385,5GCQ1gDU8zk,１億回記念！本気ネタ！『若ハゲサンキューっていう芸名の奴』【JARUJARUTOWER】,ジャルジャルが毎日１本ネタを無料配信するYoutube公式チャンネル「JARU JARU TOWER」で配信している動画の合計再生回数が1億回を突破しました。...,2019-05-12T03:00:00Z,765,277,0,8324,1266895
386,19KGYFH1hRo,１億回記念！本気ネタ！『知らん奴に声かけられた奴』【JARUJARUTOWER】,ジャルジャルが毎日１本ネタを無料配信するYoutube公式チャンネル「JARU JARU TOWER」で配信している動画の合計再生回数が1億回を突破しました。...,2019-05-12T03:00:02Z,751,494,0,15777,2306934
387,DaCmjtB-5To,１億回記念！本気ネタ！『押しドア、引きドア、間違える奴』【JARUJARUTOWER】,ジャルジャルが毎日１本ネタを無料配信するYoutube公式チャンネル「JARU JARU TOWER」で配信している動画の合計再生回数が1億回を突破しました。...,2019-05-12T03:00:01Z,2429,2480,0,66101,7039911
388,RS7XxJSsKkc,１億回記念！本気ネタ！『暇すぎて、面白いゲームする奴』【JARUJARUTOWER】,ジャルジャルが毎日１本ネタを無料配信するYoutube公式チャンネル「JARU JARU TOWER」で配信している動画の合計再生回数が1億回を突破しました。...,2019-05-12T03:00:03Z,1317,358,0,18609,1536726
389,qEfcEohzYrU,１億回記念！本気ネタ！『落語長すぎる奴』【JARUJARUTOWER】,ジャルジャルが毎日１本ネタを無料配信するYoutube公式チャンネル「JARU JARU TOWER」で配信している動画の合計再生回数が1億回を突破しました。...,2019-05-12T03:00:07Z,731,284,0,8938,1213453
390,WDDPudbjlOE,１億回記念！本気ネタ！『ウルフルズに影響されている奴』【JARUJARUTOWER】,ジャルジャルが毎日１本ネタを無料配信するYoutube公式チャンネル「JARU JARU TOWER」で配信している動画の合計再生回数が1億回を突破しました。...,2019-05-12T03:00:02Z,1101,585,0,13562,2240882
391,bvFb1Wn9c8M,１億回記念！本気ネタ！『うろ覚えで路上ライブする奴』【JARUJARUTOWER】,ジャルジャルが毎日１本ネタを無料配信するYoutube公式チャンネル「JARU JARU TOWER」で配信している動画の合計再生回数が1億回を突破しました。...,2019-05-12T03:00:04Z,1959,507,0,29832,2018812
392,wF8ym8u5Cx8,『父の日のプレゼント受け取ってもらえへん奴』ジャルジャルのネタのタネ【JARUJARUTOWER】,このチャンネルはジャルジャルの公式チャンネルです！ 日々の活動をドンドンUPしていきます！！ ジャルジャルがネタ帳に書き留めたネタになる...,2019-05-11T09:00:15Z,673,124,0,3943,320607
393,rQRLQVlL2LE,『無頓着な奴』ジャルジャルのネタのタネ【JARUJARUTOWER】,このチャンネルはジャルジャルの公式チャンネルです！ 日々の活動をドンドンUPしていきます！！ ジャルジャルがネタ帳に書き留めたネタになる...,2019-05-10T09:00:09Z,577,79,0,4775,325411
394,gprkB0q9DXk,『「えっ！」は当てるけど、「はっ！」は外す奴』ジャルジャルのネタのタネ【JARUJARUTOWER】,このチャンネルはジャルジャルの公式チャンネルです！ 日々の活動をドンドンUPしていきます！！ ジャルジャルがネタ帳に書き留めたネタになる...,2019-05-09T09:00:05Z,765,355,0,7750,795650
395,CQj_cKunjpc,『活きのいい若者探してる奴』ジャルジャルのネタのタネ【JARUJARUTOWER】,このチャンネルはジャルジャルの公式チャンネルです！ 日々の活動をドンドンUPしていきます！！ ジャルジャルがネタ帳に書き留めたネタになる...,2019-05-08T09:00:00Z,400,72,0,3288,269107
396,mWKD32W7-wI,『南っていう奴〜あっちむいてほい〜』ジャルジャルのネタのタネ【JARUJARUTOWER】,このチャンネルはジャルジャルの公式チャンネルです！ 日々の活動をドンドンUPしていきます！！ ジャルジャルがネタ帳に書き留めたネタになる...,2019-05-07T09:00:07Z,404,53,0,4240,242531
397,1FEwD9s7RSo,『半歩だけボケてる奴とツッコミたい奴』ジャルジャルのネタのタネ【JARUJARUTOWER】,このチャンネルはジャルジャルの公式チャンネルです！ 日々の活動をドンドンUPしていきます！！ ジャルジャルがネタ帳に書き留めたネタになる...,2019-05-06T09:00:00Z,446,103,0,4552,337689
398,YdpNUJ8onPc,『嫌なこと指摘される奴』ジャルジャルのネタのタネ【JARUJARUTOWER】,このチャンネルはジャルジャルの公式チャンネルです！ 日々の活動をドンドンUPしていきます！！ ジャルジャルがネタ帳に書き留めたネタになる...,2019-05-05T09:00:04Z,654,242,0,6001,639882
399,18pmIsEZmFU,『また、女が苦手な奴』ジャルジャルのネタのタネ【JARUJARUTOWER】,このチャンネルはジャルジャルの公式チャンネルです！ 日々の活動をドンドンUPしていきます！！ ジャルジャルがネタ帳に書き留めたネタになる...,2019-05-04T09:00:01Z,426,57,0,3114,262478
400,7bqa6n4GHPA,『女が苦手な奴』ジャルジャルのネタのタネ【JARUJARUTOWER】,このチャンネルはジャルジャルの公式チャンネルです！ 日々の活動をドンドンUPしていきます！！ ジャルジャルがネタ帳に書き留めたネタになる...,2019-05-03T09:00:00Z,404,92,0,4757,359807
401,KQL1oOxoiHw,『令和初日から喧嘩する奴』ジャルジャルのネタのタネ【JARUJARUTOWER】,このチャンネルはジャルジャルの公式チャンネルです！ 日々の活動をドンドンUPしていきます！！ ジャルジャルがネタ帳に書き留めたネタになる...,2019-05-01T09:00:05Z,1392,657,0,11664,559713
402,lnwF-SEHk-M,『つっこむとき声変わる奴』ジャルジャルのネタのタネ【JARUJARUTOWER】,このチャンネルはジャルジャルの公式チャンネルです！ 日々の活動をドンドンUPしていきます！！ ジャルジャルがネタ帳に書き留めたネタになる...,2019-04-29T09:00:06Z,561,106,0,4765,394747
403,UXqOPMgMR4s,『変装してる奴』ジャルジャルのネタのタネ【JARUJARUTOWER】,このチャンネルはジャルジャルの公式チャンネルです！ 日々の活動をドンドンUPしていきます！！ ジャルジャルがネタ帳に書き留めたネタになる...,2019-04-27T09:00:02Z,296,24,0,1456,95783
404,Z6r4xb4YnHQ,『裏がない、いい人過ぎる奴』ジャルジャルのネタのタネ【JARUJARUTOWER】,このチャンネルはジャルジャルの公式チャンネルです！ 日々の活動をドンドンUPしていきます！！ ジャルジャルがネタ帳に書き留めたネタになる...,2019-04-25T09:00:10Z,423,141,0,5620,516130
405,zsfyd8kiKPY,『ツッコミ重い奴』ジャルジャルのネタのタネ【JARUJARUTOWER】,このチャンネルはジャルジャルの公式チャンネルです！ 日々の活動をドンドンUPしていきます！！ ジャルジャルがネタ帳に書き留めたネタになる...,2019-04-24T09:00:17Z,712,183,0,6639,612642
406,e8KtbxUz5PM,『数字が苦手な奴』ジャルジャルのネタのタネ【JARUJARUTOWER】,このチャンネルはジャルジャルの公式チャンネルです！ 日々の活動をドンドンUPしていきます！！ ジャルジャルがネタ帳に書き留めたネタになる...,2019-04-21T09:00:03Z,1020,378,0,9268,1128671
407,2y2j9Ayz8tA,『ぞろぞろ来る奴』ジャルジャルのネタのタネ【JARUJARUTOWER】,このチャンネルはジャルジャルの公式チャンネルです！ 日々の活動をドンドンUPしていきます！！ ジャルジャルがネタ帳に書き留めたネタになる...,2019-04-20T09:00:00Z,376,46,0,2449,197606
408,ffQTxUd5E3E,『密室やったら犯人分かってた奴』ジャルジャルのネタのタネ【JARUJARUTOWER】,このチャンネルはジャルジャルの公式チャンネルです！ 日々の活動をドンドンUPしていきます！！ ジャルジャルがネタ帳に書き留めたネタになる...,2019-04-18T09:00:04Z,475,128,0,4828,500460
409,o976hXfUAFs,『５８歳と２９歳の奴』ジャルジャルのネタのタネ【JARUJARUTOWER】,このチャンネルはジャルジャルの公式チャンネルです！ 日々の活動をドンドンUPしていきます！！ ジャルジャルがネタ帳に書き留めたネタになる...,2019-04-17T09:00:05Z,667,237,0,4466,448945
410,NebgxxUohQY,『無意味な質問、無視される奴』ジャルジャルのネタのタネ【JARUJARUTOWER】,このチャンネルはジャルジャルの公式チャンネルです！ 日々の活動をドンドンUPしていきます！！ ジャルジャルがネタ帳に書き留めたネタになる...,2019-04-14T09:00:06Z,431,178,0,3874,381930
411,BXk0tkuOTpQ,『南くんと漫才する奴～変な校内放送ゲーム～』ジャルジャルのネタのタネ【JARUJARUTOWER】,このチャンネルはジャルジャルの公式チャンネルです！ 日々の活動をドンドンUPしていきます！！ ジャルジャルがネタ帳に書き留めたネタになる...,2019-04-12T09:00:01Z,733,89,0,8120,324318
412,k3HZNj0jEKE,『学校来てない子に盆栽を見せる奴』ジャルジャルのネタのタネ【JARUJARUTOWER】,このチャンネルはジャルジャルの公式チャンネルです！ 日々の活動をドンドンUPしていきます！！ ジャルジャルがネタ帳に書き留めたネタになる...,2019-04-10T09:00:05Z,588,100,0,4009,294180
413,rYOYwa1lCwo,『説得力、無くなりっ屁をこいた奴』ジャルジャルのネタのタネ【JARUJARUTOWER】,このチャンネルはジャルジャルの公式チャンネルです！ 日々の活動をドンドンUPしていきます！！ ジャルジャルがネタ帳に書き留めたネタになる...,2019-04-06T09:00:07Z,367,37,0,2370,149947
414,QEALGAKxeYQ,『先、試着する奴』ジャルジャルのネタのタネ【JARUJARUTOWER】,このチャンネルはジャルジャルの公式チャンネルです！ 日々の活動をドンドンUPしていきます！！ ジャルジャルがネタ帳に書き留めたネタになる...,2019-04-05T09:00:05Z,187,61,0,1530,133582
415,xX_eXXWHVDk,『変態を追い出す奴』ジャルジャルのネタのタネ【JARUJARUTOWER】,このチャンネルはジャルジャルの公式チャンネルです！ 日々の活動をドンドンUPしていきます！！ ジャルジャルがネタ帳に書き留めたネタになる...,2019-04-03T09:00:06Z,820,171,0,8230,600119
416,Kz0i2-lxsaU,『裏方をゴミ扱いする奴』ジャルジャルのネタのタネ【JARUJARUTOWER】,このチャンネルはジャルジャルの公式チャンネルです！ 日々の活動をドンドンUPしていきます！！ ジャルジャルがネタ帳に書き留めたネタになる...,2019-04-02T09:00:02Z,1302,518,0,9403,916520
417,0pao13Am-e8,『喫茶店でアクエリ頼む奴』ジャルジャルのネタのタネ【JARUJARUTOWER】,このチャンネルはジャルジャルの公式チャンネルです！ 日々の活動をドンドンUPしていきます！！ ジャルジャルがネタ帳に書き留めたネタになる...,2019-04-01T09:00:00Z,923,512,0,9274,1203684
418,2AguHme__SI,『チャラ男番長のネタを見る奴 パート26』ジャルジャルのネタのタネ【JARUJARUTOWER】,このチャンネルはジャルジャルの公式チャンネルです！ 日々の活動をドンドンUPしていきます！！ ジャルジャルがネタ帳に書き留めたネタになる...,2019-03-30T09:00:00Z,249,3200,0,528,62867
419,LXCJELI3LQM,『５分後がうまい奴』ジャルジャルのネタのタネ【JARUJARUTOWER】,このチャンネルはジャルジャルの公式チャンネルです！ 日々の活動をドンドンUPしていきます！！ ジャルジャルがネタ帳に書き留めたネタになる...,2019-03-29T09:00:03Z,562,101,0,2741,270891
420,jyZjKWLQoqo,『自分でボケて自分でつっこむ奴』ジャルジャルのネタのタネ【JARUJARUTOWER】,このチャンネルはジャルジャルの公式チャンネルです！ 日々の活動をドンドンUPしていきます！！ ジャルジャルがネタ帳に書き留めたネタになる...,2019-03-27T09:00:07Z,456,70,0,3437,222703
421,qiEVGdQJJKo,『バイト先でも関東出身のツッコミ下手な奴』ジャルジャルのネタのタネ【JARUJARUTOWER】,このチャンネルはジャルジャルの公式チャンネルです！ 日々の活動をドンドンUPしていきます！！ ジャルジャルがネタ帳に書き留めたネタになる...,2019-03-24T09:00:08Z,1358,363,0,9967,896014
422,o7SYppWLV1k,『ノックを分かっていない奴』ジャルジャルのネタのタネ【JARUJARUTOWER】,このチャンネルはジャルジャルの公式チャンネルです！ 日々の活動をドンドンUPしていきます！！ ジャルジャルがネタ帳に書き留めたネタになる...,2019-03-23T09:00:07Z,361,56,0,3235,258781
423,NieLdFJ4PzU,『自分に敬語使う奴』ジャルジャルのネタのタネ【JARUJARUTOWER】,このチャンネルはジャルジャルの公式チャンネルです！ 日々の活動をドンドンUPしていきます！！ ジャルジャルがネタ帳に書き留めたネタになる...,2019-03-15T09:00:03Z,732,95,0,5557,327078
424,uAna9Bwtvmw,『「ボツボツ行くわ」って言う奴』ジャルジャルのネタのタネ【JARUJARUTOWER】,このチャンネルはジャルジャルの公式チャンネルです！ 日々の活動をドンドンUPしていきます！！ ジャルジャルがネタ帳に書き留めたネタになる...,2019-03-06T09:00:13Z,391,44,0,3049,222127
425,177FXQcytCo,『万引きの注意、スタンガンな奴』ジャルジャルのネタのタネ【JARUJARUTOWER】,このチャンネルはジャルジャルの公式チャンネルです！ 日々の活動をドンドンUPしていきます！！ ジャルジャルがネタ帳に書き留めたネタになる...,2019-03-04T09:00:00Z,417,62,0,4310,354491
426,HbEMfVnqaWE,ジャルジャルの笑いのツボ屋#01【大阪チャンネル】,人は誰しも“ツボに入って死ぬほど笑う”経験をしたことがあるはず。その瞬間はすべてを忘れられる人生最高の瞬間。そんな“奇跡の笑い”を...,2019-02-24T12:41:11Z,164,14,0,484,38922
427,mXNViISBxvM,ジャルジャルの笑いのツボ屋#03【大阪チャンネル】,人は誰しも“ツボに入って死ぬほど笑う”経験をしたことがあるはず。その瞬間はすべてを忘れられる人生最高の瞬間。そんな“奇跡の笑い”を...,2019-02-24T12:34:01Z,145,7,0,393,34260
428,O3hYrjEfSLg,ジャルジャルの笑いのツボ屋#05【大阪チャンネル】,人は誰しも“ツボに入って死ぬほど笑う”経験をしたことがあるはず。その瞬間はすべてを忘れられる人生最高の瞬間。そんな“奇跡の笑い”を...,2019-02-24T12:32:18Z,71,10,0,193,15222
429,6B_t35y5MG0,『家庭教師のくせにうんこ行く奴』ジャルジャルのネタのタネ【JARUJARUTOWER】,このチャンネルはジャルジャルの公式チャンネルです！ 日々の活動をドンドンUPしていきます！！ ジャルジャルがネタ帳に書き留めたネタになる...,2019-02-20T09:00:01Z,615,87,0,4638,438151
430,zGBh_yIeJjA,『ボディーガードいるのに撃たれる奴』ジャルジャルのネタのタネ【JARUJARUTOWER】,このチャンネルはジャルジャルの公式チャンネルです！ 日々の活動をドンドンUPしていきます！！ ジャルジャルがネタ帳に書き留めたネタになる...,2019-02-11T09:00:10Z,694,36,0,5138,233422
431,phWoiXxcU1s,『変質者を更生させる奴』ジャルジャルのネタのタネ【JARUJARUTOWER】,このチャンネルはジャルジャルの公式チャンネルです！ 日々の活動をドンドンUPしていきます！！ ジャルジャルがネタ帳に書き留めたネタになる...,2019-01-28T09:00:05Z,563,67,0,4326,273285
432,_SwL3nlus2I,『面白さ以前にキツい奴』ジャルジャルのネタのタネ【JARUJARUTOWER】,このチャンネルはジャルジャルの公式チャンネルです！ 日々の活動をドンドンUPしていきます！！ ジャルジャルがネタ帳に書き留めたネタになる...,2019-01-26T09:00:09Z,606,71,0,3476,246020
433,P5rZ7Rqg0UE,『冗談わからん奴』ジャルジャルのネタのタネ【JARUJARUTOWER】,このチャンネルはジャルジャルの公式チャンネルです！ 日々の活動をドンドンUPしていきます！！ ジャルジャルがネタ帳に書き留めたネタになる...,2019-01-23T09:00:02Z,617,74,0,3682,229619
434,t5awHP8kcx8,『英会話教室でイラつく奴』ジャルジャルのネタのタネ【JARUJARUTOWER】,このチャンネルはジャルジャルの公式チャンネルです！ 日々の活動をドンドンUPしていきます！！ ジャルジャルがネタ帳に書き留めたネタになる...,2019-01-16T09:00:07Z,570,74,0,3508,281996
435,MmH4FT9T6zg,ジャルっと！爆ハリ！#144,このチャンネルはジャルジャルの公式チャンネルです！ 日々の活動をドンドンUPしていきます！！ ジャルジャルがネタ帳に書き留めたネタになる...,2019-01-07T09:00:04Z,158,17,0,313,20821
436,i25S_6F1KkM,『「どんくさい」を「どんくしぃ」と言う奴』ジャルジャルのネタのタネ【JARUJARUTOWER】,このチャンネルはジャルジャルの公式チャンネルです！ 日々の活動をドンドンUPしていきます！！ 1月1日〜1月10日は『ネタのタネ』を2本ずつUPし...,2019-01-04T09:00:07Z,543,35,0,2967,175567
437,6aC8fFy8dyM,『２世代でしょぼい発明した奴』ジャルジャルのネタのタネ【JARUJARUTOWER】,このチャンネルはジャルジャルの公式チャンネルです！ 日々の活動をドンドンUPしていきます！！ 1月1日〜1月10日は『ネタのタネ』を2本ずつUPし...,2019-01-02T09:00:02Z,413,104,0,3981,412263
438,wtD56Lny6Qs,『隣人トラブル、エグい奴』ジャルジャルのネタのタネ【JARUJARUTOWER】,このチャンネルはジャルジャルの公式チャンネルです！ 日々の活動をドンドンUPしていきます！！ ジャルジャルがネタ帳に書き留めたネタになる...,2018-12-28T09:00:07Z,674,136,0,6033,474934
439,PMz9akXmU-Q,『最後の問題に挑む奴』ジャルジャルのネタのタネ【JARUJARUTOWER】,このチャンネルはジャルジャルの公式チャンネルです！ 日々の活動をドンドンUPしていきます！！ ジャルジャルがネタ帳に書き留めたネタになる...,2018-12-27T09:00:03Z,354,56,0,2919,271641
440,xB8qBlIVSD8,『ボイパに人生を捧げた奴』ジャルジャルのネタのタネ【JARUJARUTOWER】,このチャンネルはジャルジャルの公式チャンネルです！ 日々の活動をドンドンUPしていきます！！ ジャルジャルがネタ帳に書き留めたネタになる...,2018-12-23T09:00:07Z,761,226,0,6379,744287
441,xuzbvpZEljg,ジャルっと！爆ハリ！#141,このチャンネルはジャルジャルの公式チャンネルです！ 日々の活動をドンドンUPしていきます！！ ジャルジャルがネタ帳に書き留めたネタになる...,2018-12-17T09:00:15Z,182,10,0,393,18787
442,4r6YcviPaWU,ジャルジャルのネタのタネ『学校でのエアガン許可されてる奴』【JARUJARUTOWER】,このチャンネルはジャルジャルの公式チャンネルです！ 日々の活動をドンドンUPしていきます！！ ジャルジャルがネタ帳に書き留めたネタになる...,2018-12-12T09:00:01Z,558,138,0,4930,300838
443,bJA1rET5aPU,ジャルジャルのネタのタネ『邪魔物の腹殴る奴』【JARUJARUTOWER】,このチャンネルはジャルジャルの公式チャンネルです！ 日々の活動をドンドンUPしていきます！！ ジャルジャルがネタ帳に書き留めたネタになる...,2018-12-07T09:00:09Z,474,72,0,4395,369551
444,PdtgekumU1o,ジャルっと！爆ハリ！#139,このチャンネルはジャルジャルの公式チャンネルです！ 日々の活動をドンドンUPしていきます！！ ジャルジャルがネタ帳に書き留めたネタになる...,2018-12-03T09:00:05Z,108,6,0,279,21122
445,b1J39WQFvSs,ジャルジャルのネタのタネ『M-1決勝でやったネタ    国名分けっこやる奴』【JARUJARUTOWER】,このチャンネルはジャルジャルの公式チャンネルです！ 日々の活動をドンドンUPしていきます！！ ジャルジャルがネタ帳に書き留めたネタになる...,2018-12-02T16:32:50Z,4334,1367,0,60749,3529919
446,Dx18HnnhSLM,ジャルっと！爆ハリ！#138,このチャンネルはジャルジャルの公式チャンネルです！ 日々の活動をドンドンUPしていきます！！ ジャルジャルがネタ帳に書き留めたネタになる...,2018-11-26T09:00:01Z,89,9,0,211,13766
447,sRVQGOPNTAM,ジャルッと！爆ハリ！#124,ジャルジャル公式LINEも登録お願いします！！：https://live.line.me/r/channels/121 このチャンネルはジャルジャルの公式チャンネルです！ ジャルジャル...,2018-10-29T09:00:07Z,78,15,0,138,12003
448,YNCJE5_lto0,ジャルジャルのネタのタネ『殴る前に袖めくる奴』【JARUJARUTOWER】,このチャンネルはジャルジャルの公式チャンネルです！ 日々の活動をドンドンUPしていきます！！ ジャルジャルがネタ帳に書き留めたネタになる...,2018-10-26T09:00:06Z,439,114,0,4054,374871
449,f1cP6nL9bB4,ジャルジャルのネタのタネ『飲みに誘ったくせに喋らん奴』【JARUJARUTOWER】,このチャンネルはジャルジャルの公式チャンネルです！ 日々の活動をドンドンUPしていきます！！ ジャルジャルがネタ帳に書き留めたネタになる...,2018-10-24T09:00:04Z,664,164,0,5114,578512
450,YG_e0bZEVVU,ジャルジャルのネタのタネ『トイレ借りる奴』【JARUJARUTOWER】,このチャンネルはジャルジャルの公式チャンネルです！ 日々の活動をドンドンUPしていきます！！ ジャルジャルがネタ帳に書き留めたネタになる...,2018-10-17T09:00:03Z,358,48,0,3158,247947
451,VITWhp3ex1Q,ジャルっと！爆ハリ！#118,ジャルジャル公式LINEも登録お願いします！！：https://live.line.me/r/channels/121 このチャンネルはジャルジャルの公式チャンネルです！ ジャルジャル...,2018-10-15T09:00:03Z,62,6,0,213,11781
452,fAE_7tBz7ZI,ジャルジャルのネタのタネ『挨拶下手な奴』【JARUJARUTOWER】,このチャンネルはジャルジャルの公式チャンネルです！ 日々の活動をドンドンUPしていきます！！ ジャルジャルがネタ帳に書き留めたネタになる...,2018-10-15T09:00:03Z,215,37,0,2667,195854
453,2BEhA1gDqCE,ジャルジャルのネタのタネ『ほんまにヤバい奴』【JARUJARUTOWER】,このチャンネルはジャルジャルの公式チャンネルです！ 日々の活動をドンドンUPしていきます！！ ジャルジャルがネタ帳に書き留めたネタになる...,2018-10-13T09:00:00Z,391,74,0,3781,311684
454,EIEo0yQxJWM,ジャルッと！爆ハリ！＃113,ジャルジャル公式LINEも登録お願いします！！：https://live.line.me/r/channels/121 このチャンネルはジャルジャルの公式チャンネルです！ ジャルジャル...,2018-10-01T09:00:01Z,182,15,0,539,35569
455,UcAGChIRYyc,ジャルジャルのネタのタネ『悪気なく笑いとる奴』【JARUJARUTOWER】,このチャンネルはジャルジャルの公式チャンネルです！ 日々の活動をドンドンUPしていきます！！ ジャルジャルがネタ帳に書き留めたネタになる...,2018-09-12T09:00:05Z,381,134,0,4416,445285
456,OKYEs-HSCEQ,ジャルジャルのネタのタネ『タメ口な奴』【JARUJARUTOWER】,このチャンネルはジャルジャルの公式チャンネルです！ 日々の活動をドンドンUPしていきます！！ ジャルジャルがネタ帳に書き留めたネタになる...,2018-09-05T09:00:06Z,597,119,0,5040,420572
457,V4UCi-2Qp9M,ジャルジャルのネタのタネ『じわじわ引く奴』【JARUJARUTOWER】,このチャンネルはジャルジャルの公式チャンネルです！ 日々の活動をドンドンUPしていきます！！ ジャルジャルがネタ帳に書き留めたネタになる...,2018-08-30T09:00:02Z,242,41,0,2413,265799
458,oPVSYB-8BEI,ジャルジャルのネタのタネ『説明下手な奴』【JARUJARUTOWER】,このチャンネルはジャルジャルの公式チャンネルです！ 日々の活動をドンドンUPしていきます！！ ジャルジャルがネタ帳に書き留めたネタになる...,2018-08-27T09:00:03Z,383,75,0,3217,365875
459,nmg_bHrxcmA,ジャルジャルのネタのタネ『最初笑ってたのに、じわじわキレる奴』【JARUJARUTOWER】,このチャンネルはジャルジャルの公式チャンネルです！ 日々の活動をドンドンUPしていきます！！ ジャルジャルがネタ帳に書き留めたネタになる...,2018-08-25T09:00:12Z,527,97,0,5017,408266
460,5OhrGVQDcEM,ジャルジャルのネタのタネ『言いくるめられる奴』【JARUJARUTOWER】,このチャンネルはジャルジャルの公式チャンネルです！ 日々の活動をドンドンUPしていきます！！ ジャルジャルがネタ帳に書き留めたネタになる...,2018-08-23T09:00:02Z,327,90,0,2214,334715
461,xieBTWvqcEk,ジャルジャルのネタのタネ『ヒント与えない奴』【JARUJARUTOWER】,このチャンネルはジャルジャルの公式チャンネルです！ 日々の活動をドンドンUPしていきます！！ ジャルジャルがネタ帳に書き留めたネタになる...,2018-08-14T09:00:10Z,520,140,0,3118,321893
462,1oenRtCoylg,ジャルジャルのネタのタネ『共通点多いのに飯断る奴』【JARUJARUTOWER】,このチャンネルはジャルジャルの公式チャンネルです！ 日々の活動をドンドンUPしていきます！！ ジャルジャルがネタ帳に書き留めたネタになる...,2018-08-11T09:00:00Z,635,157,0,6286,719693
463,oiM0r-DL_A4,ジャルジャルのネタのタネ『シュールなネタしそうな奴』【JARUJARUTOWER】,このチャンネルはジャルジャルの公式チャンネルです！ 日々の活動をドンドンUPしていきます！！ ジャルジャルがネタ帳に書き留めたネタになる...,2018-07-28T09:00:09Z,1330,202,0,11505,680057
464,yVbNoH7QEyw,ジャルジャルのネタのタネ『参観日で地獄見る奴』【JARUJARUTOWER】,このチャンネルはジャルジャルの公式チャンネルです！ 日々の活動をドンドンUPしていきます！！ ジャルジャルがネタ帳に書き留めたネタになる...,2018-07-13T09:00:04Z,515,107,0,4133,392347
465,mRhZCMMZnOk,ジャルジャルのネタのタネ『ボケたい奴』【JARUJARUTOWER】,このチャンネルはジャルジャルの公式チャンネルです！ 日々の活動をドンドンUPしていきます！！ ジャルジャルがネタ帳に書き留めたネタになる...,2018-07-10T09:00:07Z,585,206,0,6152,881519
466,mlJAF8FB9g8,ジャルジャルのネタのタネ『価値観大事にする奴①』【JARUJARUTOWER】,このチャンネルはジャルジャルの公式チャンネルです！ 日々の活動をドンドンUPしていきます！！ ジャルジャルがネタ帳に書き留めたネタになる...,2018-07-02T09:00:08Z,268,78,0,2196,310665
467,mCGtGLeD2tk,ジャルジャルのネタのタネ『ラグビー教える奴』【JARUJARUTOWER】,このチャンネルはジャルジャルの公式チャンネルです！ 日々の活動をドンドンUPしていきます！！ ジャルジャルがネタ帳に書き留めたネタになる...,2018-07-01T09:00:07Z,331,62,0,5353,463298
468,NxDgn-_nSAw,ジャルジャルのネタのタネ『初めてカラオケ行く奴 06:00〜』【JARUJARUTOWER】,このチャンネルはジャルジャルの公式チャンネルです！ 日々の活動をドンドンUPしていきます！！ ジャルジャルがネタ帳に書き留めたネタになる...,2018-06-28T09:00:01Z,239,29,0,2081,220291
469,FzV1B8KuKw4,ジャルジャルのネタのタネ『初めてカラオケ行く奴 19:00〜20:00』【JARUJARUTOWER】,このチャンネルはジャルジャルの公式チャンネルです！ 日々の活動をドンドンUPしていきます！！ ジャルジャルがネタ帳に書き留めたネタになる...,2018-06-25T09:00:02Z,476,133,0,5127,607524
470,Y05giV5x7iE,ジャルジャルのネタのタネ『面接中、おにぎり食う奴』【JARUJARUTOWER】,このチャンネルはジャルジャルの公式チャンネルです！ 日々の活動をドンドンUPしていきます！！ ジャルジャルがネタ帳に書き留めたネタになる...,2018-06-22T09:00:04Z,560,142,0,6591,647548
471,XyAyixUvefU,ジャルジャルのネタのタネ『力ずくで耐える奴』【JARUJARUTOWER】,このチャンネルはジャルジャルの公式チャンネルです！ 日々の活動をドンドンUPしていきます！！ ジャルジャルがネタ帳に書き留めたネタになる...,2018-05-16T09:00:03Z,400,175,0,8105,778585
472,GNBUR4xOvJY,ジャルジャルのネタのタネ『関東出身のツッコミ下手な奴』【JARUJARUTOWER】,このチャンネルはジャルジャルの公式チャンネルです！ 日々の活動をドンドンUPしていきます！！ ジャルジャルがネタ帳に書き留めたネタになる...,2018-05-13T09:00:05Z,1884,449,0,19250,1578773
473,7ChhXgpytqk,ジャルジャルのネタのタネ『脚本家って言えへん奴』【JARUJARUTOWER】,このチャンネルはジャルジャルの公式チャンネルです！ 日々の活動をドンドンUPしていきます！！ ジャルジャルがネタ帳に書き留めたネタになる...,2018-05-08T09:00:00Z,387,108,0,5503,441796
474,6mkNCcm4Ezc,ジャルジャルのネタのタネ『練習なしで久々にピンポンパンゲームやってみた奴』【JARUJARUTOWER】,このチャンネルはジャルジャルの公式チャンネルです！ 日々の活動をドンドンUPしていきます！！ ジャルジャルがネタ帳に書き留めたネタになる...,2018-05-02T09:00:00Z,620,316,0,14392,1166277
475,c89pTKNQfQE,ジャルジャルのネタのタネ『守るけど傷つける奴』【JARUJARUTOWER】,このチャンネルはジャルジャルの公式チャンネルです！ 日々の活動をドンドンUPしていきます！！ ジャルジャルがネタ帳に書き留めたネタになる...,2018-04-22T09:00:05Z,184,77,0,3919,404034
476,LLR8a0FINsE,ジャルジャルのネタのタネ『機嫌悪い生徒に急に怒り出す奴』【JARUJARUTOWER】,このチャンネルはジャルジャルの公式チャンネルです！ 日々の活動をドンドンUPしていきます！！ ジャルジャルがネタ帳に書き留めたネタになる...,2018-04-20T09:00:01Z,396,107,0,6496,602025
477,o6DV4erqtck,【MOJAMOJARUJARU】モジャモジャルジャル　レコーディング風景,モジャモジャルジャルデビューライブのチケットはこちらから購入できます！：http://yoshimoto.funity.jp/ Mojamojaljal is a music unit from Jaljal for Japanese...,2016-12-13T10:00:03Z,195,28,0,1270,72522
478,0px-xNc5sZ0,ジャルジャルコント『嘘をつき通す奴〜ピザ〜』,ジャルジャル公式LINEも登録お願いします！！：https://live.line.me/r/channels/121 このチャンネルはジャルジャルの公式チャンネルです！ ジャルジャル...,2016-12-03T12:30:00Z,1402,1349,0,32442,5853359
479,PJboiuRpQhc,ジャルジャルコント『逆ー!!!』,ジャルジャル公式LINEも登録お願いします！！：https://live.line.me/r/channels/121 このチャンネルはジャルジャルの公式チャンネルです！ ジャルジャル...,2016-12-03T05:04:13Z,1038,754,0,21382,3169654
480,PMBYiTKDg_Q,ジャルジャルコント『屁我慢してる面接官』,ジャルジャル公式LINEも登録お願いします！！：https://live.line.me/r/channels/121 このチャンネルはジャルジャルの公式チャンネルです！ ジャルジャル...,2016-12-03T03:26:18Z,551,258,0,6526,888058
481,1Sklpj_dth8,ジャルジャルコント『おばはん絡み』,ジャルジャル公式LINEも登録お願いします！！：https://live.line.me/r/channels/121 このチャンネルはジャルジャルの公式チャンネルです！ ジャルジャル...,2016-12-03T03:20:09Z,700,351,0,6775,790018
482,MkBYw5Xu460,ジャルジャルコント『男か女かわからん奴』,ジャルジャル公式LINEも登録お願いします！！：https://live.line.me/r/channels/121 このチャンネルはジャルジャルの公式チャンネルです！ ジャルジャル...,2016-12-03T03:19:27Z,1416,613,0,27078,2462301
483,KPe5yUQEM6o,ジャルジャルコント『新入社員説明会』,ジャルジャル公式LINEも登録お願いします！！：https://live.line.me/r/channels/121 このチャンネルはジャルジャルの公式チャンネルです！ ジャルジャル...,2016-12-03T03:15:27Z,901,447,0,12332,1548827
484,qF2QnRRC3Uo,ジャルジャルコント『屁の足音』,ジャルジャル公式LINEも登録お願いします！！：https://live.line.me/r/channels/121 このチャンネルはジャルジャルの公式チャンネルです！ ジャルジャル...,2016-12-02T14:30:00Z,332,201,0,6296,973464
485,HPn5OeRYs6U,ジャルジャルコント『角刈りのくせにクラスのメインになろうとする奴』,ジャルジャル公式LINEも登録お願いします！！：https://live.line.me/r/channels/121 このチャンネルはジャルジャルの公式チャンネルです！ ジャルジャル...,2016-12-02T14:30:00Z,3244,2341,0,38593,5212548
486,Vmgq8cnzBvQ,ジャルジャルコント『めっちゃふざける奴』,ジャルジャル公式LINEも登録お願いします！！：https://live.line.me/r/channels/121 このチャンネルはジャルジャルの公式チャンネルです！ ジャルジャル...,2016-12-02T14:30:00Z,3309,1330,0,53847,5069896
487,8a-GKATVSU4,ジャルジャルコント『びっくりした話』,ジャルジャル公式LINEも登録お願いします！！：https://live.line.me/r/channels/121 このチャンネルはジャルジャルの公式チャンネルです！ ジャルジャル...,2016-12-02T14:00:00Z,521,254,0,8478,1592923
488,-5y0KJpBt2U,ジャルジャルコント『イス取りゲーム』,ジャルジャル公式LINEも登録お願いします！！：https://live.line.me/r/channels/121 このチャンネルはジャルジャルの公式チャンネルです！ ジャルジャル...,2016-12-02T14:00:01Z,229,126,0,3541,518266
489,D4SSThn4dCo,ジャルジャルコント『理解不能者〜病院〜』,ジャルジャル公式LINEも登録お願いします！！：https://live.line.me/r/channels/121 このチャンネルはジャルジャルの公式チャンネルです！ ジャルジャル...,2016-12-02T12:30:00Z,499,247,0,10173,1117688
490,_sHOGo0QJ_s,ジャルジャルコント『ハンドイートマン』,ジャルジャル公式LINEも登録お願いします！！：https://live.line.me/r/channels/121 このチャンネルはジャルジャルの公式チャンネルです！ ジャルジャル...,2016-12-02T12:30:01Z,716,127,0,9933,696148
491,J8ssZzUX2xE,ジャルジャルコント『変な奴』,ジャルジャル公式LINEも登録お願いします！！：https://live.line.me/r/channels/121 このチャンネルはジャルジャルの公式チャンネルです！ ジャルジャル...,2016-12-02T12:30:01Z,1150,577,0,13359,2154601
492,pfJVE_NI7D0,ジャルジャルコント『ため口』,ジャルジャル公式LINEも登録お願いします！！：https://live.line.me/r/channels/121 このチャンネルは、毎週金曜日22時～LINELIVEで絶賛放送中の番組『開放...,2016-12-02T12:30:01Z,1741,1624,0,27060,5325776
493,p1IEmNUUlxs,ジャルジャルコント『落語』,ジャルジャル公式LINEも登録お願いします！！：https://live.line.me/r/channels/121 このチャンネルは、毎週金曜日22時～LINELIVEで絶賛放送中の番組『開放...,2016-12-02T12:00:03Z,148,108,0,2946,604304
